process.b1.capacity,process.b2.capacity,process.b3.capacity,process.b4.capacity,property.price,property.product,property.winner,verification.time,verification.result
0,0,2,1,59,1,0,163.3166667,FALSE
0,0,2,1,59,2,0,200.86,FALSE
0,0,2,1,59,4,0,154.8888889,FALSE
0,0,2,1,59,6,0,108.64,FALSE
0,0,2,1,60,1,0,85.46666667,TRUE
0,0,2,1,60,1,3,82,TRUE
0,0,2,1,60,1,4,154.25,FALSE
0,0,2,1,60,2,0,80.95,TRUE
0,0,2,1,60,2,3,78,TRUE
0,0,2,1,60,2,4,197.01,FALSE
0,0,2,1,60,4,0,80.25,TRUE
0,0,2,1,60,4,3,77.91666667,TRUE
0,0,2,1,60,4,4,144.6944444,FALSE
0,0,2,1,60,6,0,88.12,TRUE
0,0,2,1,60,6,3,78.84,TRUE
0,0,2,1,60,6,4,78.15,TRUE
0,0,2,1,69,3,0,112.05,FALSE
0,0,2,1,69,5,0,322.0555556,FALSE
0,0,2,1,70,3,0,87.1,TRUE
0,0,2,1,70,3,3,97.11,TRUE
0,0,2,1,70,3,4,80.86,TRUE
0,0,2,1,70,5,0,194.4388889,TRUE
0,0,2,1,70,5,3,378.8222222,FALSE
0,0,2,1,70,5,4,207.7722222,TRUE
0,1,1,1,59,1,0,646.675,FALSE
0,1,1,1,59,4,0,564.6346154,FALSE
0,1,1,1,59,6,0,248.2166667,FALSE
0,1,1,1,60,1,0,578.625,FALSE
0,1,1,1,60,4,0,523.9615385,FALSE
0,1,1,1,60,6,0,90,TRUE
0,1,1,1,60,6,2,94.58333333,TRUE
0,1,1,1,60,6,3,243.5166667,FALSE
0,1,1,1,60,6,4,225.05,FALSE
0,1,1,1,61,1,0,608.2,FALSE
0,1,1,1,61,4,0,546.3461538,FALSE
0,1,1,1,62,1,0,596.475,FALSE
0,1,1,1,62,4,0,554.1153846,FALSE
0,1,1,1,63,1,0,603.65,FALSE
0,1,1,1,63,4,0,553.7692308,FALSE
0,1,1,1,64,1,0,532.8,FALSE
0,1,1,1,64,4,0,483.4615385,FALSE
0,1,1,1,65,1,0,567.975,FALSE
0,1,1,1,65,4,0,505.9615385,FALSE
0,1,1,1,66,1,0,564.3,FALSE
0,1,1,1,66,4,0,496.1730769,FALSE
0,1,1,1,67,1,0,588.9,FALSE
0,1,1,1,67,4,0,522.6346154,FALSE
0,1,1,1,68,1,0,537.075,FALSE
0,1,1,1,68,4,0,481.6538462,FALSE
0,1,1,1,69,1,0,544.05,FALSE
0,1,1,1,69,3,0,178.4,FALSE
0,1,1,1,69,4,0,512.3461538,FALSE
0,1,1,1,69,5,0,751.1875,FALSE
0,1,1,1,70,1,0,518.2,TRUE
0,1,1,1,70,1,2,547.725,TRUE
0,1,1,1,70,1,3,602.125,FALSE
0,1,1,1,70,1,4,588.2,FALSE
0,1,1,1,70,3,0,153.5166667,TRUE
0,1,1,1,70,3,2,151.1333333,TRUE
0,1,1,1,70,3,3,165.4166667,FALSE
0,1,1,1,70,3,4,176.7166667,FALSE
0,1,1,1,70,4,0,418.0576923,TRUE
0,1,1,1,70,4,2,451.1538462,TRUE
0,1,1,1,70,4,3,529.0769231,FALSE
0,1,1,1,70,4,4,518.3653846,FALSE
0,1,1,1,70,5,0,739.475,FALSE
0,1,1,1,71,5,0,751.9875,FALSE
0,1,1,1,72,5,0,740.4125,FALSE
0,1,1,1,73,5,0,719.45,FALSE
0,1,1,1,74,5,0,745.5375,FALSE
0,1,1,1,75,5,0,734.5625,FALSE
0,1,1,1,76,5,0,752.3,FALSE
0,1,1,1,77,5,0,725.55,FALSE
0,1,1,1,78,5,0,742.825,FALSE
0,1,1,1,79,5,0,723.8125,FALSE
0,1,1,1,80,5,0,101.7375,TRUE
0,1,1,1,80,5,2,770.2375,FALSE
0,1,1,1,80,5,3,770.75,FALSE
0,1,1,1,80,5,4,106.3375,TRUE
0,1,2,0,59,1,0,513.2333333,FALSE
0,1,2,0,59,2,0,1527.53,FALSE
0,1,2,0,59,4,0,476.3222222,FALSE
0,1,2,0,59,6,0,145.4,FALSE
0,1,2,0,60,1,0,443.0166667,FALSE
0,1,2,0,60,2,0,1137.465,FALSE
0,1,2,0,60,4,0,419.8555556,FALSE
0,1,2,0,60,6,0,91.805,TRUE
0,1,2,0,60,6,2,85.25,TRUE
0,1,2,0,60,6,3,134.325,FALSE
0,1,2,0,61,1,0,462.0583333,FALSE
0,1,2,0,61,2,0,1293.665,FALSE
0,1,2,0,61,4,0,441.8388889,FALSE
0,1,2,0,62,1,0,463.7083333,FALSE
0,1,2,0,62,2,0,1245.215,FALSE
0,1,2,0,62,4,0,434.75,FALSE
0,1,2,0,63,1,0,463.075,FALSE
0,1,2,0,63,2,0,1290.88,FALSE
0,1,2,0,63,4,0,455.2666667,FALSE
0,1,2,0,64,1,0,389.3,FALSE
0,1,2,0,64,2,0,991.07,FALSE
0,1,2,0,64,4,0,362.8111111,FALSE
0,1,2,0,65,1,0,411.825,FALSE
0,1,2,0,65,2,0,1106.455,FALSE
0,1,2,0,65,4,0,384.3388889,FALSE
0,1,2,0,66,1,0,398.4833333,FALSE
0,1,2,0,66,2,0,1098.255,FALSE
0,1,2,0,66,4,0,377.3944444,FALSE
0,1,2,0,67,1,0,428.8333333,FALSE
0,1,2,0,67,2,0,1236.05,FALSE
0,1,2,0,67,4,0,417.1388889,FALSE
0,1,2,0,68,1,0,395.4583333,FALSE
0,1,2,0,68,2,0,917.335,FALSE
0,1,2,0,68,4,0,363.2555556,FALSE
0,1,2,0,69,1,0,412.6666667,FALSE
0,1,2,0,69,2,0,1020.25,FALSE
0,1,2,0,69,3,0,109.71,FALSE
0,1,2,0,69,4,0,399.2777778,FALSE
0,1,2,0,70,1,0,383.1916667,TRUE
0,1,2,0,70,1,2,412.525,TRUE
0,1,2,0,70,1,3,455.6166667,FALSE
0,1,2,0,70,2,0,1013.485,FALSE
0,1,2,0,70,3,0,101.765,TRUE
0,1,2,0,70,3,2,94.635,TRUE
0,1,2,0,70,3,3,99.945,FALSE
0,1,2,0,70,4,0,348.1555556,TRUE
0,1,2,0,70,4,2,375.7333333,TRUE
0,1,2,0,70,4,3,429.9388889,FALSE
0,1,2,0,71,2,0,1123.56,FALSE
0,1,2,0,72,2,0,1087.23,FALSE
0,1,2,0,73,2,0,1260.775,FALSE
0,1,2,0,74,2,0,1203.43,FALSE
0,1,2,0,75,2,0,1345.56,FALSE
0,1,2,0,76,2,0,979.395,FALSE
0,1,2,0,77,2,0,1127.495,FALSE
0,1,2,0,78,2,0,1113.075,FALSE
0,1,2,0,79,2,0,1276.795,FALSE
0,1,2,0,80,2,0,119.28,TRUE
0,1,2,0,80,2,2,312.645,TRUE
0,1,2,0,80,2,3,120.82,TRUE
0,1,2,1,59,1,0,665.2261905,FALSE
0,1,2,1,59,2,0,1716.807143,FALSE
0,1,2,1,59,4,0,585.787037,FALSE
0,1,2,1,59,6,0,256.5428571,FALSE
0,1,2,1,60,1,0,616.9166667,FALSE
0,1,2,1,60,2,0,1300.964286,FALSE
0,1,2,1,60,4,0,552.8611111,FALSE
0,1,2,1,60,6,0,92.24285714,TRUE
0,1,2,1,60,6,2,94.55714286,TRUE
0,1,2,1,60,6,3,249.0785714,FALSE
0,1,2,1,60,6,4,228.8428571,FALSE
0,1,2,1,61,1,0,640.5119048,FALSE
0,1,2,1,61,2,0,1411.164286,FALSE
0,1,2,1,61,4,0,565.7037037,FALSE
0,1,2,1,62,1,0,628.7261905,FALSE
0,1,2,1,62,2,0,1390.742857,FALSE
0,1,2,1,62,4,0,572.4351852,FALSE
0,1,2,1,63,1,0,628.702381,FALSE
0,1,2,1,63,2,0,1417.628571,FALSE
0,1,2,1,63,4,0,571.8055556,FALSE
0,1,2,1,64,1,0,560.1428571,FALSE
0,1,2,1,64,2,0,1187.635714,FALSE
0,1,2,1,64,4,0,497.4074074,FALSE
0,1,2,1,65,1,0,586.3333333,FALSE
0,1,2,1,65,2,0,1317.15,FALSE
0,1,2,1,65,4,0,519.2037037,FALSE
0,1,2,1,66,1,0,576.3928571,FALSE
0,1,2,1,66,2,0,1299.528571,FALSE
0,1,2,1,66,4,0,516.6759259,FALSE
0,1,2,1,67,1,0,598.5357143,FALSE
0,1,2,1,67,2,0,1455.378571,FALSE
0,1,2,1,67,4,0,542.0740741,FALSE
0,1,2,1,68,1,0,557.4285714,FALSE
0,1,2,1,68,2,0,1113.721429,FALSE
0,1,2,1,68,4,0,492.25,FALSE
0,1,2,1,69,1,0,573.9642857,FALSE
0,1,2,1,69,2,0,1208.778571,FALSE
0,1,2,1,69,3,0,184.7214286,FALSE
0,1,2,1,69,4,0,522.9907407,FALSE
0,1,2,1,69,5,0,763.0944444,FALSE
0,1,2,1,70,1,0,528.5357143,TRUE
0,1,2,1,70,1,2,577.5595238,TRUE
0,1,2,1,70,1,3,630.3571429,FALSE
0,1,2,1,70,1,4,607.7857143,FALSE
0,1,2,1,70,2,0,1209.721429,FALSE
0,1,2,1,70,3,0,159.65,TRUE
0,1,2,1,70,3,2,154.2,TRUE
0,1,2,1,70,3,3,178.55,FALSE
0,1,2,1,70,3,4,184.5785714,FALSE
0,1,2,1,70,4,0,435.4907407,TRUE
0,1,2,1,70,4,2,468.8703704,TRUE
0,1,2,1,70,4,3,561.6851852,FALSE
0,1,2,1,70,4,4,543.6574074,FALSE
0,1,2,1,70,5,0,758.1166667,FALSE
0,1,2,1,71,2,0,1341.264286,FALSE
0,1,2,1,71,5,0,762.5222222,FALSE
0,1,2,1,72,2,0,1276.278571,FALSE
0,1,2,1,72,5,0,744.5611111,FALSE
0,1,2,1,73,2,0,1459.335714,FALSE
0,1,2,1,73,5,0,727.5666667,FALSE
0,1,2,1,74,2,0,1393.121429,FALSE
0,1,2,1,74,5,0,748.5722222,FALSE
0,1,2,1,75,2,0,1550.778571,FALSE
0,1,2,1,75,5,0,735.5444444,FALSE
0,1,2,1,76,2,0,1171.971429,FALSE
0,1,2,1,76,5,0,740.7777778,FALSE
0,1,2,1,77,2,0,1309.614286,FALSE
0,1,2,1,77,5,0,734.8444444,FALSE
0,1,2,1,78,2,0,1316.185714,FALSE
0,1,2,1,78,5,0,736.1833333,FALSE
0,1,2,1,79,2,0,1480.921429,FALSE
0,1,2,1,79,5,0,742.3444444,FALSE
0,1,2,1,80,2,0,126.5071429,TRUE
0,1,2,1,80,2,2,369.9785714,TRUE
0,1,2,1,80,2,3,130.6642857,TRUE
0,1,2,1,80,2,4,1386.157143,FALSE
0,1,2,1,80,5,0,102.6166667,TRUE
0,1,2,1,80,5,2,783.3722222,FALSE
0,1,2,1,80,5,3,782.6888889,FALSE
0,1,2,1,80,5,4,105.6,TRUE
0,2,1,0,59,1,0,522.525,FALSE
0,2,1,0,59,4,0,466.4625,FALSE
0,2,1,0,59,6,0,144.525,FALSE
0,2,1,0,60,1,0,447.9,FALSE
0,2,1,0,60,4,0,412.4125,FALSE
0,2,1,0,60,6,0,93.575,TRUE
0,2,1,0,60,6,2,87.55,TRUE
0,2,1,0,60,6,3,132.325,FALSE
0,2,1,0,61,1,0,468.8,FALSE
0,2,1,0,61,4,0,429.3125,FALSE
0,2,1,0,62,1,0,476.3,FALSE
0,2,1,0,62,4,0,431.5625,FALSE
0,2,1,0,63,1,0,471.675,FALSE
0,2,1,0,63,4,0,447.0125,FALSE
0,2,1,0,64,1,0,394.275,FALSE
0,2,1,0,64,4,0,351.3625,FALSE
0,2,1,0,65,1,0,410.15,FALSE
0,2,1,0,65,4,0,379.2375,FALSE
0,2,1,0,66,1,0,399.35,FALSE
0,2,1,0,66,4,0,375.925,FALSE
0,2,1,0,67,1,0,434.025,FALSE
0,2,1,0,67,4,0,406.8,FALSE
0,2,1,0,68,1,0,391.625,FALSE
0,2,1,0,68,4,0,357.725,FALSE
0,2,1,0,69,1,0,411.95,FALSE
0,2,1,0,69,3,0,105.425,FALSE
0,2,1,0,69,4,0,395.3875,FALSE
0,2,1,0,70,1,0,377.325,TRUE
0,2,1,0,70,1,2,418.6,TRUE
0,2,1,0,70,1,3,446.125,FALSE
0,2,1,0,70,3,0,98.975,TRUE
0,2,1,0,70,3,2,94.275,TRUE
0,2,1,0,70,3,3,100.6,FALSE
0,2,1,0,70,4,0,345,TRUE
0,2,1,0,70,4,2,367,TRUE
0,2,1,0,70,4,3,420.625,FALSE
0,2,1,1,59,1,0,654.78125,FALSE
0,2,1,1,59,4,0,570.2708333,FALSE
0,2,1,1,59,6,0,257.1666667,FALSE
0,2,1,1,60,1,0,607.625,FALSE
0,2,1,1,60,4,0,544.7708333,FALSE
0,2,1,1,60,6,0,92.75,TRUE
0,2,1,1,60,6,2,95.97222222,TRUE
0,2,1,1,60,6,3,245.3611111,FALSE
0,2,1,1,60,6,4,230.75,FALSE
0,2,1,1,61,1,0,623,FALSE
0,2,1,1,61,4,0,550.0208333,FALSE
0,2,1,1,62,1,0,620.375,FALSE
0,2,1,1,62,4,0,551.4375,FALSE
0,2,1,1,63,1,0,624.25,FALSE
0,2,1,1,63,4,0,550.0625,FALSE
0,2,1,1,64,1,0,559.21875,FALSE
0,2,1,1,64,4,0,488.8958333,FALSE
0,2,1,1,65,1,0,578.25,FALSE
0,2,1,1,65,4,0,489.4375,FALSE
0,2,1,1,66,1,0,568.4375,FALSE
0,2,1,1,66,4,0,486.6458333,FALSE
0,2,1,1,67,1,0,608.3125,FALSE
0,2,1,1,67,4,0,526.5833333,FALSE
0,2,1,1,68,1,0,560.65625,FALSE
0,2,1,1,68,4,0,485.8333333,FALSE
0,2,1,1,69,1,0,581.90625,FALSE
0,2,1,1,69,3,0,177.75,FALSE
0,2,1,1,69,4,0,512.5208333,FALSE
0,2,1,1,69,5,0,745.525,FALSE
0,2,1,1,70,1,0,523.40625,TRUE
0,2,1,1,70,1,2,574.21875,TRUE
0,2,1,1,70,1,3,609.34375,FALSE
0,2,1,1,70,1,4,597.875,FALSE
0,2,1,1,70,3,0,156.9444444,TRUE
0,2,1,1,70,3,2,148.9722222,TRUE
0,2,1,1,70,3,3,172.1666667,FALSE
0,2,1,1,70,3,4,180.7222222,FALSE
0,2,1,1,70,4,0,429.125,TRUE
0,2,1,1,70,4,2,457.3958333,TRUE
0,2,1,1,70,4,3,563.0625,FALSE
0,2,1,1,70,4,4,541.4583333,FALSE
0,2,1,1,70,5,0,756.35,FALSE
0,2,1,1,71,5,0,750.65,FALSE
0,2,1,1,72,5,0,739.6,FALSE
0,2,1,1,73,5,0,727.05,FALSE
0,2,1,1,74,5,0,758.275,FALSE
0,2,1,1,75,5,0,724.4,FALSE
0,2,1,1,76,5,0,736.95,FALSE
0,2,1,1,77,5,0,741.675,FALSE
0,2,1,1,78,5,0,781.25,FALSE
0,2,1,1,79,5,0,736.225,FALSE
0,2,1,1,80,5,0,103.975,TRUE
0,2,1,1,80,5,2,779.025,FALSE
0,2,1,1,80,5,3,771.8,FALSE
0,2,1,1,80,5,4,104.5,TRUE
0,2,2,0,59,1,0,511.4791667,FALSE
0,2,2,0,59,2,0,1525.910714,FALSE
0,2,2,0,59,4,0,478.0416667,FALSE
0,2,2,0,59,6,0,144.3035714,FALSE
0,2,2,0,60,1,0,442.25,FALSE
0,2,2,0,60,2,0,1135.276786,FALSE
0,2,2,0,60,4,0,413.9375,FALSE
0,2,2,0,60,6,0,90.44642857,TRUE
0,2,2,0,60,6,2,85.58035714,TRUE
0,2,2,0,60,6,3,134.7857143,FALSE
0,2,2,0,61,1,0,459.8229167,FALSE
0,2,2,0,61,2,0,1283.669643,FALSE
0,2,2,0,61,4,0,438.3194444,FALSE
0,2,2,0,62,1,0,456.28125,FALSE
0,2,2,0,62,2,0,1246.285714,FALSE
0,2,2,0,62,4,0,437.1875,FALSE
0,2,2,0,63,1,0,462.78125,FALSE
0,2,2,0,63,2,0,1302.473214,FALSE
0,2,2,0,63,4,0,454.0694444,FALSE
0,2,2,0,64,1,0,387.1354167,FALSE
0,2,2,0,64,2,0,1001.142857,FALSE
0,2,2,0,64,4,0,358.8611111,FALSE
0,2,2,0,65,1,0,412.0729167,FALSE
0,2,2,0,65,2,0,1101.660714,FALSE
0,2,2,0,65,4,0,384.4027778,FALSE
0,2,2,0,66,1,0,389.625,FALSE
0,2,2,0,66,2,0,1109.482143,FALSE
0,2,2,0,66,4,0,384.2777778,FALSE
0,2,2,0,67,1,0,420.5208333,FALSE
0,2,2,0,67,2,0,1233.276786,FALSE
0,2,2,0,67,4,0,420.5625,FALSE
0,2,2,0,68,1,0,383.6770833,FALSE
0,2,2,0,68,2,0,910.6964286,FALSE
0,2,2,0,68,4,0,364.5694444,FALSE
0,2,2,0,69,1,0,408.9375,FALSE
0,2,2,0,69,2,0,1011.964286,FALSE
0,2,2,0,69,3,0,111.1160714,FALSE
0,2,2,0,69,4,0,394.0763889,FALSE
0,2,2,0,70,1,0,376.8229167,TRUE
0,2,2,0,70,1,2,417.8229167,TRUE
0,2,2,0,70,1,3,448.3645833,FALSE
0,2,2,0,70,2,0,1018.714286,FALSE
0,2,2,0,70,3,0,103.4732143,TRUE
0,2,2,0,70,3,2,96.51785714,TRUE
0,2,2,0,70,3,3,103.8482143,FALSE
0,2,2,0,70,4,0,344.6458333,TRUE
0,2,2,0,70,4,2,369.9166667,TRUE
0,2,2,0,70,4,3,431.4027778,FALSE
0,2,2,0,71,2,0,1120.410714,FALSE
0,2,2,0,72,2,0,1082.267857,FALSE
0,2,2,0,73,2,0,1238.526786,FALSE
0,2,2,0,74,2,0,1198.071429,FALSE
0,2,2,0,75,2,0,1337.205357,FALSE
0,2,2,0,76,2,0,981.2410714,FALSE
0,2,2,0,77,2,0,1129.607143,FALSE
0,2,2,0,78,2,0,1101.482143,FALSE
0,2,2,0,79,2,0,1285.410714,FALSE
0,2,2,0,80,2,0,116.8214286,TRUE
0,2,2,0,80,2,2,311.9732143,TRUE
0,2,2,0,80,2,3,123.6071429,TRUE
0,2,2,1,59,1,0,678.7037037,FALSE
0,2,2,1,59,2,0,1706.037879,FALSE
0,2,2,1,59,4,0,583.0763889,FALSE
0,2,2,1,59,6,0,254.7651515,FALSE
0,2,2,1,60,1,0,620.5,FALSE
0,2,2,1,60,2,0,1310.681818,FALSE
0,2,2,1,60,4,0,555.9097222,FALSE
0,2,2,1,60,6,0,91.25757576,TRUE
0,2,2,1,60,6,2,93.21212121,TRUE
0,2,2,1,60,6,3,245.25,FALSE
0,2,2,1,60,6,4,227.280303,FALSE
0,2,2,1,61,1,0,641.8703704,FALSE
0,2,2,1,61,2,0,1420.045455,FALSE
0,2,2,1,61,4,0,570.3402778,FALSE
0,2,2,1,62,1,0,638.212963,FALSE
0,2,2,1,62,2,0,1396.848485,FALSE
0,2,2,1,62,4,0,574.0902778,FALSE
0,2,2,1,63,1,0,644.0092593,FALSE
0,2,2,1,63,2,0,1436.795455,FALSE
0,2,2,1,63,4,0,584.3055556,FALSE
0,2,2,1,64,1,0,569.8611111,FALSE
0,2,2,1,64,2,0,1201.818182,FALSE
0,2,2,1,64,4,0,499.5555556,FALSE
0,2,2,1,65,1,0,596.6203704,FALSE
0,2,2,1,65,2,0,1301.30303,FALSE
0,2,2,1,65,4,0,524.8055556,FALSE
0,2,2,1,66,1,0,581.6111111,FALSE
0,2,2,1,66,2,0,1301.05303,FALSE
0,2,2,1,66,4,0,506.9722222,FALSE
0,2,2,1,67,1,0,619.6574074,FALSE
0,2,2,1,67,2,0,1454.280303,FALSE
0,2,2,1,67,4,0,544.1041667,FALSE
0,2,2,1,68,1,0,574.7037037,FALSE
0,2,2,1,68,2,0,1110.780303,FALSE
0,2,2,1,68,4,0,504.1458333,FALSE
0,2,2,1,69,1,0,590.5740741,FALSE
0,2,2,1,69,2,0,1224.416667,FALSE
0,2,2,1,69,3,0,186.2045455,FALSE
0,2,2,1,69,4,0,531.3402778,FALSE
0,2,2,1,69,5,0,756.5833333,FALSE
0,2,2,1,70,1,0,548.712963,TRUE
0,2,2,1,70,1,2,596.287037,TRUE
0,2,2,1,70,1,3,636.1111111,FALSE
0,2,2,1,70,1,4,629.2037037,FALSE
0,2,2,1,70,2,0,1214.325758,FALSE
0,2,2,1,70,3,0,160.1742424,TRUE
0,2,2,1,70,3,2,154.4166667,TRUE
0,2,2,1,70,3,3,176.5454545,FALSE
0,2,2,1,70,3,4,186.8560606,FALSE
0,2,2,1,70,4,0,443.4861111,TRUE
0,2,2,1,70,4,2,478.5208333,TRUE
0,2,2,1,70,4,3,567.4652778,FALSE
0,2,2,1,70,4,4,552.0347222,FALSE
0,2,2,1,70,5,0,762.6388889,FALSE
0,2,2,1,71,2,0,1325.931818,FALSE
0,2,2,1,71,5,0,760.2013889,FALSE
0,2,2,1,72,2,0,1279.174242,FALSE
0,2,2,1,72,5,0,746.9652778,FALSE
0,2,2,1,73,2,0,1451.659091,FALSE
0,2,2,1,73,5,0,729.5902778,FALSE
0,2,2,1,74,2,0,1407.871212,FALSE
0,2,2,1,74,5,0,758.2847222,FALSE
0,2,2,1,75,2,0,1557.204545,FALSE
0,2,2,1,75,5,0,751.1527778,FALSE
0,2,2,1,76,2,0,1185.151515,FALSE
0,2,2,1,76,5,0,748.1736111,FALSE
0,2,2,1,77,2,0,1322.492424,FALSE
0,2,2,1,77,5,0,755.9791667,FALSE
0,2,2,1,78,2,0,1335.545455,FALSE
0,2,2,1,78,5,0,752.4722222,FALSE
0,2,2,1,79,2,0,1494.636364,FALSE
0,2,2,1,79,5,0,742.2361111,FALSE
0,2,2,1,80,2,0,129.5,TRUE
0,2,2,1,80,2,2,379.8939394,TRUE
0,2,2,1,80,2,3,133.0530303,TRUE
0,2,2,1,80,2,4,1396.310606,FALSE
0,2,2,1,80,5,0,103.1597222,TRUE
0,2,2,1,80,5,2,786.0694444,FALSE
0,2,2,1,80,5,3,793.3263889,FALSE
0,2,2,1,80,5,4,104.9444444,TRUE
0,3,1,0,59,1,0,537.875,FALSE
0,3,1,0,59,4,0,472.2083333,FALSE
0,3,1,0,59,6,0,137.875,FALSE
0,3,1,0,60,1,0,478.125,FALSE
0,3,1,0,60,4,0,417.375,FALSE
0,3,1,0,60,6,0,93.25,TRUE
0,3,1,0,60,6,2,92.5,TRUE
0,3,1,0,60,6,3,139.125,FALSE
0,3,1,0,61,1,0,456.875,FALSE
0,3,1,0,61,4,0,441.2916667,FALSE
0,3,1,0,62,1,0,473.375,FALSE
0,3,1,0,62,4,0,432.25,FALSE
0,3,1,0,63,1,0,461.5,FALSE
0,3,1,0,63,4,0,457.2916667,FALSE
0,3,1,0,64,1,0,387,FALSE
0,3,1,0,64,4,0,353.2916667,FALSE
0,3,1,0,65,1,0,412.125,FALSE
0,3,1,0,65,4,0,378.125,FALSE
0,3,1,0,66,1,0,397,FALSE
0,3,1,0,66,4,0,374.6666667,FALSE
0,3,1,0,67,1,0,439.375,FALSE
0,3,1,0,67,4,0,415.4583333,FALSE
0,3,1,0,68,1,0,400,FALSE
0,3,1,0,68,4,0,366.875,FALSE
0,3,1,0,69,1,0,416.25,FALSE
0,3,1,0,69,3,0,113.875,FALSE
0,3,1,0,69,4,0,393.8333333,FALSE
0,3,1,0,70,1,0,374.625,TRUE
0,3,1,0,70,1,2,403,TRUE
0,3,1,0,70,1,3,457.5,FALSE
0,3,1,0,70,3,0,106.25,TRUE
0,3,1,0,70,3,2,94,TRUE
0,3,1,0,70,3,3,97,FALSE
0,3,1,0,70,4,0,333,TRUE
0,3,1,0,70,4,2,361.0416667,TRUE
0,3,1,0,70,4,3,421.125,FALSE
0,3,1,1,59,1,0,706.4166667,FALSE
0,3,1,1,59,4,0,595.9166667,FALSE
0,3,1,1,59,6,0,248.0833333,FALSE
0,3,1,1,60,1,0,626.0833333,FALSE
0,3,1,1,60,4,0,554.625,FALSE
0,3,1,1,60,6,0,92.58333333,TRUE
0,3,1,1,60,6,2,95.66666667,TRUE
0,3,1,1,60,6,3,256.8333333,FALSE
0,3,1,1,60,6,4,225.25,FALSE
0,3,1,1,61,1,0,672.75,FALSE
0,3,1,1,61,4,0,551.7083333,FALSE
0,3,1,1,62,1,0,621.8333333,FALSE
0,3,1,1,62,4,0,551.375,FALSE
0,3,1,1,63,1,0,643.4166667,FALSE
0,3,1,1,63,4,0,581.2916667,FALSE
0,3,1,1,64,1,0,574.6666667,FALSE
0,3,1,1,64,4,0,495.25,FALSE
0,3,1,1,65,1,0,591.0833333,FALSE
0,3,1,1,65,4,0,502.875,FALSE
0,3,1,1,66,1,0,580.5,FALSE
0,3,1,1,66,4,0,512.9583333,FALSE
0,3,1,1,67,1,0,635.3333333,FALSE
0,3,1,1,67,4,0,531.875,FALSE
0,3,1,1,68,1,0,576.8333333,FALSE
0,3,1,1,68,4,0,491.5833333,FALSE
0,3,1,1,69,1,0,580.8333333,FALSE
0,3,1,1,69,3,0,185.9166667,FALSE
0,3,1,1,69,4,0,511.0833333,FALSE
0,3,1,1,69,5,0,748.1666667,FALSE
0,3,1,1,70,1,0,537.0833333,TRUE
0,3,1,1,70,1,2,592.8333333,TRUE
0,3,1,1,70,1,3,644.9166667,FALSE
0,3,1,1,70,1,4,599.1666667,FALSE
0,3,1,1,70,3,0,156.8333333,TRUE
0,3,1,1,70,3,2,145.75,TRUE
0,3,1,1,70,3,3,178,FALSE
0,3,1,1,70,3,4,186.0833333,FALSE
0,3,1,1,70,4,0,431.3333333,TRUE
0,3,1,1,70,4,2,456.25,TRUE
0,3,1,1,70,4,3,533.5833333,FALSE
0,3,1,1,70,4,4,547.2916667,FALSE
0,3,1,1,70,5,0,757.9166667,FALSE
0,3,1,1,71,5,0,755.25,FALSE
0,3,1,1,72,5,0,730.8333333,FALSE
0,3,1,1,73,5,0,714.9166667,FALSE
0,3,1,1,74,5,0,741,FALSE
0,3,1,1,75,5,0,722.3333333,FALSE
0,3,1,1,76,5,0,704.4166667,FALSE
0,3,1,1,77,5,0,717.5,FALSE
0,3,1,1,78,5,0,741.8333333,FALSE
0,3,1,1,79,5,0,713.3333333,FALSE
0,3,1,1,80,5,0,102.4166667,TRUE
0,3,1,1,80,5,2,755.6666667,FALSE
0,3,1,1,80,5,3,777.3333333,FALSE
0,3,1,1,80,5,4,103.8333333,TRUE
0,3,2,0,59,1,0,521.6944444,FALSE
0,3,2,0,59,2,0,1517.083333,FALSE
0,3,2,0,59,4,0,474.6388889,FALSE
0,3,2,0,59,6,0,142.5,FALSE
0,3,2,0,60,1,0,441,FALSE
0,3,2,0,60,2,0,1159.638889,FALSE
0,3,2,0,60,4,0,411.6111111,FALSE
0,3,2,0,60,6,0,88.69444444,TRUE
0,3,2,0,60,6,2,83.94444444,TRUE
0,3,2,0,60,6,3,133.1944444,FALSE
0,3,2,0,61,1,0,459.6666667,FALSE
0,3,2,0,61,2,0,1291.166667,FALSE
0,3,2,0,61,4,0,442.2083333,FALSE
0,3,2,0,62,1,0,473.4166667,FALSE
0,3,2,0,62,2,0,1236.083333,FALSE
0,3,2,0,62,4,0,438.4861111,FALSE
0,3,2,0,63,1,0,475.3055556,FALSE
0,3,2,0,63,2,0,1318.361111,FALSE
0,3,2,0,63,4,0,459.7222222,FALSE
0,3,2,0,64,1,0,390.5277778,FALSE
0,3,2,0,64,2,0,1024.027778,FALSE
0,3,2,0,64,4,0,354.1666667,FALSE
0,3,2,0,65,1,0,413.1666667,FALSE
0,3,2,0,65,2,0,1109.277778,FALSE
0,3,2,0,65,4,0,389.3055556,FALSE
0,3,2,0,66,1,0,396.3055556,FALSE
0,3,2,0,66,2,0,1117.138889,FALSE
0,3,2,0,66,4,0,382.7361111,FALSE
0,3,2,0,67,1,0,422,FALSE
0,3,2,0,67,2,0,1228.472222,FALSE
0,3,2,0,67,4,0,420.0972222,FALSE
0,3,2,0,68,1,0,386.25,FALSE
0,3,2,0,68,2,0,901.3611111,FALSE
0,3,2,0,68,4,0,365.9722222,FALSE
0,3,2,0,69,1,0,419.3333333,FALSE
0,3,2,0,69,2,0,1015.277778,FALSE
0,3,2,0,69,3,0,107.0277778,FALSE
0,3,2,0,69,4,0,401.8333333,FALSE
0,3,2,0,70,1,0,376.4166667,TRUE
0,3,2,0,70,1,2,415.1388889,TRUE
0,3,2,0,70,1,3,442.75,FALSE
0,3,2,0,70,2,0,1009.916667,FALSE
0,3,2,0,70,3,0,99.41666667,TRUE
0,3,2,0,70,3,2,96.27777778,TRUE
0,3,2,0,70,3,3,99.80555556,FALSE
0,3,2,0,70,4,0,345.8611111,TRUE
0,3,2,0,70,4,2,371.875,TRUE
0,3,2,0,70,4,3,433.1388889,FALSE
0,3,2,0,71,2,0,1123.694444,FALSE
0,3,2,0,72,2,0,1067.611111,FALSE
0,3,2,0,73,2,0,1249.527778,FALSE
0,3,2,0,74,2,0,1189.444444,FALSE
0,3,2,0,75,2,0,1342.25,FALSE
0,3,2,0,76,2,0,1001.944444,FALSE
0,3,2,0,77,2,0,1128.833333,FALSE
0,3,2,0,78,2,0,1107.888889,FALSE
0,3,2,0,79,2,0,1272.694444,FALSE
0,3,2,0,80,2,0,119.8333333,TRUE
0,3,2,0,80,2,2,316.5833333,TRUE
0,3,2,0,80,2,3,127.8333333,TRUE
0,3,2,1,59,1,0,688.625,FALSE
0,3,2,1,59,2,0,1721.236111,FALSE
0,3,2,1,59,4,0,588.4916667,FALSE
0,3,2,1,59,6,0,259.5277778,FALSE
0,3,2,1,60,1,0,630.9166667,FALSE
0,3,2,1,60,2,0,1308.680556,FALSE
0,3,2,1,60,4,0,550.225,FALSE
0,3,2,1,60,6,0,90.66666667,TRUE
0,3,2,1,60,6,2,91.625,TRUE
0,3,2,1,60,6,3,241.7638889,FALSE
0,3,2,1,60,6,4,226.0833333,FALSE
0,3,2,1,61,1,0,645.9722222,FALSE
0,3,2,1,61,2,0,1430.569444,FALSE
0,3,2,1,61,4,0,566.8166667,FALSE
0,3,2,1,62,1,0,657.125,FALSE
0,3,2,1,62,2,0,1390.652778,FALSE
0,3,2,1,62,4,0,574.3916667,FALSE
0,3,2,1,63,1,0,667.4861111,FALSE
0,3,2,1,63,2,0,1448.625,FALSE
0,3,2,1,63,4,0,585.7666667,FALSE
0,3,2,1,64,1,0,575.9861111,FALSE
0,3,2,1,64,2,0,1195.416667,FALSE
0,3,2,1,64,4,0,494.675,FALSE
0,3,2,1,65,1,0,611.1388889,FALSE
0,3,2,1,65,2,0,1303.472222,FALSE
0,3,2,1,65,4,0,515.975,FALSE
0,3,2,1,66,1,0,608.9722222,FALSE
0,3,2,1,66,2,0,1314.319444,FALSE
0,3,2,1,66,4,0,510.9083333,FALSE
0,3,2,1,67,1,0,645.7222222,FALSE
0,3,2,1,67,2,0,1459.666667,FALSE
0,3,2,1,67,4,0,548.0166667,FALSE
0,3,2,1,68,1,0,590.8472222,FALSE
0,3,2,1,68,2,0,1112.236111,FALSE
0,3,2,1,68,4,0,503.9833333,FALSE
0,3,2,1,69,1,0,614.9861111,FALSE
0,3,2,1,69,2,0,1226.513889,FALSE
0,3,2,1,69,3,0,189.8888889,FALSE
0,3,2,1,69,4,0,530.225,FALSE
0,3,2,1,69,5,0,757.9166667,FALSE
0,3,2,1,70,1,0,554.0416667,TRUE
0,3,2,1,70,1,2,609.0972222,TRUE
0,3,2,1,70,1,3,642.6527778,FALSE
0,3,2,1,70,1,4,640.75,FALSE
0,3,2,1,70,2,0,1231.486111,FALSE
0,3,2,1,70,3,0,160.4027778,TRUE
0,3,2,1,70,3,2,152.6111111,TRUE
0,3,2,1,70,3,3,176.6805556,FALSE
0,3,2,1,70,3,4,190.0833333,FALSE
0,3,2,1,70,4,0,444.475,TRUE
0,3,2,1,70,4,2,474.9666667,TRUE
0,3,2,1,70,4,3,571.8333333,FALSE
0,3,2,1,70,4,4,557.3333333,FALSE
0,3,2,1,70,5,0,760.3611111,FALSE
0,3,2,1,71,2,0,1345.888889,FALSE
0,3,2,1,71,5,0,761.2361111,FALSE
0,3,2,1,72,2,0,1291.125,FALSE
0,3,2,1,72,5,0,757.0972222,FALSE
0,3,2,1,73,2,0,1480.027778,FALSE
0,3,2,1,73,5,0,729.4305556,FALSE
0,3,2,1,74,2,0,1425.486111,FALSE
0,3,2,1,74,5,0,747.4583333,FALSE
0,3,2,1,75,2,0,1560.805556,FALSE
0,3,2,1,75,5,0,756.75,FALSE
0,3,2,1,76,2,0,1181.194444,FALSE
0,3,2,1,76,5,0,743.7638889,FALSE
0,3,2,1,77,2,0,1324.958333,FALSE
0,3,2,1,77,5,0,747.3055556,FALSE
0,3,2,1,78,2,0,1316.541667,FALSE
0,3,2,1,78,5,0,740.7222222,FALSE
0,3,2,1,79,2,0,1484.555556,FALSE
0,3,2,1,79,5,0,746.1527778,FALSE
0,3,2,1,80,2,0,127.4305556,TRUE
0,3,2,1,80,2,2,387.3888889,TRUE
0,3,2,1,80,2,3,134.6111111,TRUE
0,3,2,1,80,2,4,1394.847222,FALSE
0,3,2,1,80,5,0,101.3333333,TRUE
0,3,2,1,80,5,2,798.625,FALSE
0,3,2,1,80,5,3,782.8888889,FALSE
0,3,2,1,80,5,4,101.6805556,TRUE
1,1,2,0,59,2,0,35478.3125,FALSE
1,1,2,0,59,6,0,1719.229167,FALSE
1,1,2,0,60,2,0,24690.5,FALSE
1,1,2,0,60,6,0,1196.5625,FALSE
1,1,2,0,61,2,0,28678.22917,FALSE
1,1,2,0,61,6,0,1255.958333,FALSE
1,1,2,0,62,2,0,27198.83333,FALSE
1,1,2,0,62,6,0,1202.75,FALSE
1,1,2,0,63,2,0,29408.0625,FALSE
1,1,2,0,63,6,0,1260.4375,FALSE
1,1,2,0,64,2,0,21949.35417,FALSE
1,1,2,0,64,6,0,1168.3125,FALSE
1,1,2,0,65,2,0,26256.45833,FALSE
1,1,2,0,65,6,0,1236.5,FALSE
1,1,2,0,66,2,0,25369.6875,FALSE
1,1,2,0,66,6,0,1279.895833,FALSE
1,1,2,0,67,2,0,29925.04167,FALSE
1,1,2,0,67,6,0,1483.791667,FALSE
1,1,2,0,68,2,0,19271.29167,FALSE
1,1,2,0,68,6,0,1078.770833,FALSE
1,1,2,0,69,2,0,22848.75,FALSE
1,1,2,0,69,3,0,465.8541667,FALSE
1,1,2,0,69,6,0,1105.9375,FALSE
1,1,2,0,70,2,0,21991.9375,FALSE
1,1,2,0,70,3,0,476.7708333,FALSE
1,1,2,0,70,6,0,1165.1875,FALSE
1,1,2,0,71,2,0,25994,FALSE
1,1,2,0,71,3,0,444.125,FALSE
1,1,2,0,71,6,0,1328.125,FALSE
1,1,2,0,72,2,0,24081.77083,FALSE
1,1,2,0,72,3,0,462.2708333,FALSE
1,1,2,0,72,6,0,1268.479167,FALSE
1,1,2,0,73,2,0,29144.60417,FALSE
1,1,2,0,73,3,0,431.1875,FALSE
1,1,2,0,73,6,0,1409.395833,FALSE
1,1,2,0,74,2,0,27501.9375,FALSE
1,1,2,0,74,3,0,467.5625,FALSE
1,1,2,0,74,6,0,1352.958333,FALSE
1,1,2,0,75,2,0,31956.75,FALSE
1,1,2,0,75,3,0,442.375,FALSE
1,1,2,0,75,6,0,1573.5625,FALSE
1,1,2,0,76,2,0,20463.4375,FALSE
1,1,2,0,76,3,0,480.7916667,FALSE
1,1,2,0,76,6,0,1128.020833,FALSE
1,1,2,0,77,2,0,25185.47917,FALSE
1,1,2,0,77,3,0,437.8333333,FALSE
1,1,2,0,77,6,0,1250.604167,FALSE
1,1,2,0,78,2,0,23841.14583,FALSE
1,1,2,0,78,3,0,478.0833333,FALSE
1,1,2,0,78,6,0,1217.3125,FALSE
1,1,2,0,79,2,0,28590.20833,FALSE
1,1,2,0,79,3,0,443.0416667,FALSE
1,1,2,0,79,6,0,1407.333333,FALSE
1,1,2,0,80,2,0,5465.270833,TRUE
1,1,2,0,80,2,1,5927.4375,TRUE
1,1,2,0,80,2,2,27858.77083,FALSE
1,1,2,0,80,2,3,29312.47917,FALSE
1,1,2,0,80,3,0,92.33333333,TRUE
1,1,2,0,80,3,1,91.35416667,TRUE
1,1,2,0,80,3,2,477.7083333,FALSE
1,1,2,0,80,3,3,470.4166667,FALSE
1,1,2,0,80,6,0,333.0208333,TRUE
1,1,2,0,80,6,1,335.9375,TRUE
1,1,2,0,80,6,2,1394.583333,FALSE
1,1,2,0,80,6,3,1434.625,FALSE
1,1,2,1,59,2,0,40353.88889,FALSE
1,1,2,1,59,6,0,4476.416667,FALSE
1,1,2,1,60,2,0,28170.11111,FALSE
1,1,2,1,60,6,0,3407.333333,FALSE
1,1,2,1,61,2,0,31292.38889,FALSE
1,1,2,1,61,6,0,3331.222222,FALSE
1,1,2,1,62,2,0,30704.22222,FALSE
1,1,2,1,62,6,0,3418.722222,FALSE
1,1,2,1,63,2,0,32320.66667,FALSE
1,1,2,1,63,6,0,3304.416667,FALSE
1,1,2,1,64,2,0,27020.27778,FALSE
1,1,2,1,64,6,0,3243.833333,FALSE
1,1,2,1,65,2,0,31143.47222,FALSE
1,1,2,1,65,6,0,3505.777778,FALSE
1,1,2,1,66,2,0,30776.72222,FALSE
1,1,2,1,66,6,0,3630.583333,FALSE
1,1,2,1,67,2,0,35298.80556,FALSE
1,1,2,1,67,6,0,3996.944444,FALSE
1,1,2,1,68,2,0,24020.19444,FALSE
1,1,2,1,68,6,0,3008.138889,FALSE
1,1,2,1,69,2,0,27255.55556,FALSE
1,1,2,1,69,3,0,1560.305556,FALSE
1,1,2,1,69,5,0,8812.222222,FALSE
1,1,2,1,69,6,0,3094.972222,FALSE
1,1,2,1,70,2,0,26999.63889,FALSE
1,1,2,1,70,3,0,1557.055556,FALSE
1,1,2,1,70,5,0,8872.25,FALSE
1,1,2,1,70,6,0,3136.416667,FALSE
1,1,2,1,71,2,0,31141.61111,FALSE
1,1,2,1,71,3,0,1522.944444,FALSE
1,1,2,1,71,5,0,8882.138889,FALSE
1,1,2,1,71,6,0,3598.555556,FALSE
1,1,2,1,72,2,0,29333.25,FALSE
1,1,2,1,72,3,0,1521.555556,FALSE
1,1,2,1,72,5,0,8841.111111,FALSE
1,1,2,1,72,6,0,3397.222222,FALSE
1,1,2,1,73,2,0,34668.22222,FALSE
1,1,2,1,73,3,0,1317.833333,FALSE
1,1,2,1,73,5,0,8684.027778,FALSE
1,1,2,1,73,6,0,3898.388889,FALSE
1,1,2,1,74,2,0,32808.08333,FALSE
1,1,2,1,74,3,0,1506.944444,FALSE
1,1,2,1,74,5,0,8988.388889,FALSE
1,1,2,1,74,6,0,3705.805556,FALSE
1,1,2,1,75,2,0,37421.16667,FALSE
1,1,2,1,75,3,0,1392.25,FALSE
1,1,2,1,75,5,0,8798.722222,FALSE
1,1,2,1,75,6,0,4176.805556,FALSE
1,1,2,1,76,2,0,25194.55556,FALSE
1,1,2,1,76,3,0,1537.055556,FALSE
1,1,2,1,76,5,0,8792.972222,FALSE
1,1,2,1,76,6,0,3098.5,FALSE
1,1,2,1,77,2,0,29798.02778,FALSE
1,1,2,1,77,3,0,1323.611111,FALSE
1,1,2,1,77,5,0,8758.444444,FALSE
1,1,2,1,77,6,0,3379.25,FALSE
1,1,2,1,78,2,0,28727.22222,FALSE
1,1,2,1,78,3,0,1529.777778,FALSE
1,1,2,1,78,5,0,8900.583333,FALSE
1,1,2,1,78,6,0,3321.638889,FALSE
1,1,2,1,79,2,0,33975.33333,FALSE
1,1,2,1,79,3,0,1461.916667,FALSE
1,1,2,1,79,5,0,8895.416667,FALSE
1,1,2,1,79,6,0,3782.833333,FALSE
1,1,2,1,80,2,0,6619.138889,TRUE
1,1,2,1,80,2,1,6903.833333,TRUE
1,1,2,1,80,2,2,33476.13889,FALSE
1,1,2,1,80,2,3,35103.25,FALSE
1,1,2,1,80,2,4,31005.86111,FALSE
1,1,2,1,80,3,0,115.9444444,TRUE
1,1,2,1,80,3,1,115.6666667,TRUE
1,1,2,1,80,3,2,1461.944444,FALSE
1,1,2,1,80,3,3,1380.361111,FALSE
1,1,2,1,80,3,4,1556.555556,FALSE
1,1,2,1,80,5,0,8744.083333,FALSE
1,1,2,1,80,6,0,843.1944444,TRUE
1,1,2,1,80,6,1,882.8888889,TRUE
1,1,2,1,80,6,2,3754.138889,FALSE
1,1,2,1,80,6,3,3872.194444,FALSE
1,1,2,1,80,6,4,3535.5,FALSE
1,1,2,1,81,5,0,8469.611111,FALSE
1,1,2,1,82,5,0,8772.416667,FALSE
1,1,2,1,83,5,0,8603.527778,FALSE
1,1,2,1,84,5,0,8788.916667,FALSE
1,1,2,1,85,5,0,8452.833333,FALSE
1,1,2,1,86,5,0,8802.611111,FALSE
1,1,2,1,87,5,0,8622.666667,FALSE
1,1,2,1,88,5,0,8761.166667,FALSE
1,1,2,1,89,5,0,8645.388889,FALSE
1,1,2,1,90,5,0,81.88888889,TRUE
1,1,2,1,90,5,1,1433.027778,TRUE
1,1,2,1,90,5,2,10424.47222,FALSE
1,1,2,1,90,5,3,9327.916667,FALSE
1,1,2,1,90,5,4,84.72222222,TRUE
1,2,2,0,59,1,0,15105.91667,FALSE
1,2,2,0,59,2,0,35231.43333,FALSE
1,2,2,0,59,4,0,951.8333333,FALSE
1,2,2,0,59,6,0,1703.1,FALSE
1,2,2,0,60,1,0,10599.27778,FALSE
1,2,2,0,60,2,0,24628.88333,FALSE
1,2,2,0,60,4,0,882.3333333,FALSE
1,2,2,0,60,6,0,1168.716667,FALSE
1,2,2,0,61,1,0,12062.36111,FALSE
1,2,2,0,61,2,0,28386.73333,FALSE
1,2,2,0,61,4,0,927.1944444,FALSE
1,2,2,0,61,6,0,1241.9,FALSE
1,2,2,0,62,1,0,11614.97222,FALSE
1,2,2,0,62,2,0,27104.53333,FALSE
1,2,2,0,62,4,0,921.4722222,FALSE
1,2,2,0,62,6,0,1217.883333,FALSE
1,2,2,0,63,1,0,12824.38889,FALSE
1,2,2,0,63,2,0,29260.85,FALSE
1,2,2,0,63,4,0,952.1388889,FALSE
1,2,2,0,63,6,0,1215.6,FALSE
1,2,2,0,64,1,0,9324.944444,FALSE
1,2,2,0,64,2,0,21867.43333,FALSE
1,2,2,0,64,4,0,737.0555556,FALSE
1,2,2,0,64,6,0,1151.7,FALSE
1,2,2,0,65,1,0,11079.16667,FALSE
1,2,2,0,65,2,0,26133.13333,FALSE
1,2,2,0,65,4,0,795.4166667,FALSE
1,2,2,0,65,6,0,1243.216667,FALSE
1,2,2,0,66,1,0,10866.77778,FALSE
1,2,2,0,66,2,0,25322.6,FALSE
1,2,2,0,66,4,0,790.6944444,FALSE
1,2,2,0,66,6,0,1267.633333,FALSE
1,2,2,0,67,1,0,12906.52778,FALSE
1,2,2,0,67,2,0,29747.25,FALSE
1,2,2,0,67,4,0,834.6111111,FALSE
1,2,2,0,67,6,0,1472.266667,FALSE
1,2,2,0,68,1,0,8803.194444,FALSE
1,2,2,0,68,2,0,19010.85,FALSE
1,2,2,0,68,4,0,738.8888889,FALSE
1,2,2,0,68,6,0,1065.383333,FALSE
1,2,2,0,69,1,0,10437.83333,FALSE
1,2,2,0,69,2,0,22603.08333,FALSE
1,2,2,0,69,3,0,455.2833333,FALSE
1,2,2,0,69,4,0,824.2222222,FALSE
1,2,2,0,69,6,0,1102.466667,FALSE
1,2,2,0,70,1,0,10025.77778,FALSE
1,2,2,0,70,2,0,21829.18333,FALSE
1,2,2,0,70,3,0,473.5166667,FALSE
1,2,2,0,70,4,0,403.9444444,TRUE
1,2,2,0,70,4,1,908.25,FALSE
1,2,2,0,70,4,2,462.4444444,TRUE
1,2,2,0,70,4,3,937.6666667,FALSE
1,2,2,0,70,6,0,1166.95,FALSE
1,2,2,0,71,1,0,11753.94444,FALSE
1,2,2,0,71,2,0,25648.31667,FALSE
1,2,2,0,71,3,0,434.8333333,FALSE
1,2,2,0,71,6,0,1305,FALSE
1,2,2,0,72,1,0,10487.5,FALSE
1,2,2,0,72,2,0,23891.51667,FALSE
1,2,2,0,72,3,0,456.6833333,FALSE
1,2,2,0,72,6,0,1227.066667,FALSE
1,2,2,0,73,1,0,12919.16667,FALSE
1,2,2,0,73,2,0,28885.4,FALSE
1,2,2,0,73,3,0,414.85,FALSE
1,2,2,0,73,6,0,1391.7,FALSE
1,2,2,0,74,1,0,12246.88889,FALSE
1,2,2,0,74,2,0,27252.78333,FALSE
1,2,2,0,74,3,0,455.9,FALSE
1,2,2,0,74,6,0,1324.883333,FALSE
1,2,2,0,75,1,0,14634.22222,FALSE
1,2,2,0,75,2,0,31755.55,FALSE
1,2,2,0,75,3,0,427.35,FALSE
1,2,2,0,75,6,0,1568.15,FALSE
1,2,2,0,76,1,0,9649.305556,FALSE
1,2,2,0,76,2,0,20316.65,FALSE
1,2,2,0,76,3,0,460.05,FALSE
1,2,2,0,76,6,0,1124.8,FALSE
1,2,2,0,77,1,0,11680.27778,FALSE
1,2,2,0,77,2,0,24790.21667,FALSE
1,2,2,0,77,3,0,422.2833333,FALSE
1,2,2,0,77,6,0,1224.9,FALSE
1,2,2,0,78,1,0,11226.25,FALSE
1,2,2,0,78,2,0,23479,FALSE
1,2,2,0,78,3,0,471.9833333,FALSE
1,2,2,0,78,6,0,1191.583333,FALSE
1,2,2,0,79,1,0,13372.08333,FALSE
1,2,2,0,79,2,0,28241.26667,FALSE
1,2,2,0,79,3,0,434.45,FALSE
1,2,2,0,79,6,0,1377.25,FALSE
1,2,2,0,80,1,0,10009.22222,FALSE
1,2,2,0,80,2,0,5507.5,TRUE
1,2,2,0,80,2,1,5922.533333,TRUE
1,2,2,0,80,2,2,27633.43333,FALSE
1,2,2,0,80,2,3,29100.45,FALSE
1,2,2,0,80,3,0,91.1,TRUE
1,2,2,0,80,3,1,86.88333333,TRUE
1,2,2,0,80,3,2,472.35,FALSE
1,2,2,0,80,3,3,465.8333333,FALSE
1,2,2,0,80,6,0,324.35,TRUE
1,2,2,0,80,6,1,334.1,TRUE
1,2,2,0,80,6,2,1372.45,FALSE
1,2,2,0,80,6,3,1422.133333,FALSE
1,2,2,0,81,1,0,12243.33333,FALSE
1,2,2,0,82,1,0,12013.69444,FALSE
1,2,2,0,83,1,0,13958.72222,FALSE
1,2,2,0,84,1,0,9265.694444,FALSE
1,2,2,0,85,1,0,11109.94444,FALSE
1,2,2,0,86,1,0,10743.11111,FALSE
1,2,2,0,87,1,0,12694.27778,FALSE
1,2,2,0,88,1,0,10967.30556,FALSE
1,2,2,0,89,1,0,12809.38889,FALSE
1,2,2,0,90,1,0,229.9444444,TRUE
1,2,2,0,90,1,1,5484.194444,TRUE
1,2,2,0,90,1,2,248.0277778,TRUE
1,2,2,0,90,1,3,14678.44444,FALSE
1,2,2,1,59,1,0,21354.875,FALSE
1,2,2,1,59,2,0,40048.25,FALSE
1,2,2,1,59,4,0,1250.375,FALSE
1,2,2,1,59,6,0,4488.309524,FALSE
1,2,2,1,60,1,0,16957.66667,FALSE
1,2,2,1,60,2,0,28181.65476,FALSE
1,2,2,1,60,4,0,1205.145833,FALSE
1,2,2,1,60,6,0,3310.369048,FALSE
1,2,2,1,61,1,0,17870.70833,FALSE
1,2,2,1,61,2,0,31158.75,FALSE
1,2,2,1,61,4,0,1200.208333,FALSE
1,2,2,1,61,6,0,3308.238095,FALSE
1,2,2,1,62,1,0,17725.58333,FALSE
1,2,2,1,62,2,0,30506.29762,FALSE
1,2,2,1,62,4,0,1215.791667,FALSE
1,2,2,1,62,6,0,3405.119048,FALSE
1,2,2,1,63,1,0,18380,FALSE
1,2,2,1,63,2,0,31941.02381,FALSE
1,2,2,1,63,4,0,1202.395833,FALSE
1,2,2,1,63,6,0,3289.119048,FALSE
1,2,2,1,64,1,0,15591.79167,FALSE
1,2,2,1,64,2,0,26735.91667,FALSE
1,2,2,1,64,4,0,1045.0625,FALSE
1,2,2,1,64,6,0,3233.369048,FALSE
1,2,2,1,65,1,0,17312.20833,FALSE
1,2,2,1,65,2,0,30919.05952,FALSE
1,2,2,1,65,4,0,1122.104167,FALSE
1,2,2,1,65,6,0,3484.25,FALSE
1,2,2,1,66,1,0,17394.375,FALSE
1,2,2,1,66,2,0,30479.69048,FALSE
1,2,2,1,66,4,0,1085.791667,FALSE
1,2,2,1,66,6,0,3533.380952,FALSE
1,2,2,1,67,1,0,19236.75,FALSE
1,2,2,1,67,2,0,35290.02381,FALSE
1,2,2,1,67,4,0,1169.583333,FALSE
1,2,2,1,67,6,0,4002.761905,FALSE
1,2,2,1,68,1,0,14948.95833,FALSE
1,2,2,1,68,2,0,23673.71429,FALSE
1,2,2,1,68,4,0,1063.458333,FALSE
1,2,2,1,68,6,0,2943.964286,FALSE
1,2,2,1,69,1,0,16339.39583,FALSE
1,2,2,1,69,2,0,27162.22619,FALSE
1,2,2,1,69,3,0,1518.964286,FALSE
1,2,2,1,69,4,0,1115.291667,FALSE
1,2,2,1,69,5,0,8747.297619,FALSE
1,2,2,1,69,6,0,3066.702381,FALSE
1,2,2,1,70,1,0,16229.91667,FALSE
1,2,2,1,70,2,0,26857.66667,FALSE
1,2,2,1,70,3,0,1506.702381,FALSE
1,2,2,1,70,4,0,509.75,TRUE
1,2,2,1,70,4,1,1185.958333,FALSE
1,2,2,1,70,4,2,552.7916667,TRUE
1,2,2,1,70,4,3,1233.229167,FALSE
1,2,2,1,70,4,4,1187.6875,FALSE
1,2,2,1,70,5,0,8981.309524,FALSE
1,2,2,1,70,6,0,3139.214286,FALSE
1,2,2,1,71,1,0,17921.52083,FALSE
1,2,2,1,71,2,0,31048.65476,FALSE
1,2,2,1,71,3,0,1460.738095,FALSE
1,2,2,1,71,5,0,8829.785714,FALSE
1,2,2,1,71,6,0,3572.011905,FALSE
1,2,2,1,72,1,0,17133.4375,FALSE
1,2,2,1,72,2,0,28989.60714,FALSE
1,2,2,1,72,3,0,1480.27381,FALSE
1,2,2,1,72,5,0,8858.630952,FALSE
1,2,2,1,72,6,0,3444.392857,FALSE
1,2,2,1,73,1,0,19513.375,FALSE
1,2,2,1,73,2,0,34327.72619,FALSE
1,2,2,1,73,3,0,1297.511905,FALSE
1,2,2,1,73,5,0,8621.404762,FALSE
1,2,2,1,73,6,0,3830.369048,FALSE
1,2,2,1,74,1,0,19059.16667,FALSE
1,2,2,1,74,2,0,32804.53571,FALSE
1,2,2,1,74,3,0,1477.059524,FALSE
1,2,2,1,74,5,0,8958.75,FALSE
1,2,2,1,74,6,0,3734.583333,FALSE
1,2,2,1,75,1,0,21215.10417,FALSE
1,2,2,1,75,2,0,37388.52381,FALSE
1,2,2,1,75,3,0,1361.72619,FALSE
1,2,2,1,75,5,0,8815.285714,FALSE
1,2,2,1,75,6,0,4192.309524,FALSE
1,2,2,1,76,1,0,15996.91667,FALSE
1,2,2,1,76,2,0,25032.92857,FALSE
1,2,2,1,76,3,0,1499.809524,FALSE
1,2,2,1,76,5,0,8864.928571,FALSE
1,2,2,1,76,6,0,3090.22619,FALSE
1,2,2,1,77,1,0,17889.27083,FALSE
1,2,2,1,77,2,0,29347.09524,FALSE
1,2,2,1,77,3,0,1305.97619,FALSE
1,2,2,1,77,5,0,8737.761905,FALSE
1,2,2,1,77,6,0,3362.130952,FALSE
1,2,2,1,78,1,0,17562.35417,FALSE
1,2,2,1,78,2,0,28582.16667,FALSE
1,2,2,1,78,3,0,1496.654762,FALSE
1,2,2,1,78,5,0,8956.547619,FALSE
1,2,2,1,78,6,0,3317.333333,FALSE
1,2,2,1,79,1,0,19533.47917,FALSE
1,2,2,1,79,2,0,33535.94048,FALSE
1,2,2,1,79,3,0,1428.654762,FALSE
1,2,2,1,79,5,0,8872.52381,FALSE
1,2,2,1,79,6,0,3786.916667,FALSE
1,2,2,1,80,1,0,16578.66667,FALSE
1,2,2,1,80,2,0,6498.678571,TRUE
1,2,2,1,80,2,1,6873.357143,TRUE
1,2,2,1,80,2,2,33036.5119,FALSE
1,2,2,1,80,2,3,34739.78571,FALSE
1,2,2,1,80,2,4,30918.0119,FALSE
1,2,2,1,80,3,0,115.5238095,TRUE
1,2,2,1,80,3,1,113.1190476,TRUE
1,2,2,1,80,3,2,1410.690476,FALSE
1,2,2,1,80,3,3,1344.845238,FALSE
1,2,2,1,80,3,4,1517.904762,FALSE
1,2,2,1,80,5,0,8803.607143,FALSE
1,2,2,1,80,6,0,820.8214286,TRUE
1,2,2,1,80,6,1,869.3690476,TRUE
1,2,2,1,80,6,2,3766.571429,FALSE
1,2,2,1,80,6,3,3902.880952,FALSE
1,2,2,1,80,6,4,3522.535714,FALSE
1,2,2,1,81,1,0,18419.5625,FALSE
1,2,2,1,81,5,0,8581.642857,FALSE
1,2,2,1,82,1,0,18776.54167,FALSE
1,2,2,1,82,5,0,8835.535714,FALSE
1,2,2,1,83,1,0,20564.22917,FALSE
1,2,2,1,83,5,0,8636.142857,FALSE
1,2,2,1,84,1,0,15453.64583,FALSE
1,2,2,1,84,5,0,8829.809524,FALSE
1,2,2,1,85,1,0,16927.20833,FALSE
1,2,2,1,85,5,0,8580.047619,FALSE
1,2,2,1,86,1,0,17082.95833,FALSE
1,2,2,1,86,5,0,8876.035714,FALSE
1,2,2,1,87,1,0,19013.91667,FALSE
1,2,2,1,87,5,0,8657.702381,FALSE
1,2,2,1,88,1,0,17723.72917,FALSE
1,2,2,1,88,5,0,8813.011905,FALSE
1,2,2,1,89,1,0,19083.83333,FALSE
1,2,2,1,89,5,0,8585.392857,FALSE
1,2,2,1,90,1,0,309.6666667,TRUE
1,2,2,1,90,1,1,8595.3125,TRUE
1,2,2,1,90,1,2,320.9791667,TRUE
1,2,2,1,90,1,3,22622.47917,FALSE
1,2,2,1,90,1,4,20320.8125,FALSE
1,2,2,1,90,5,0,85.05952381,TRUE
1,2,2,1,90,5,1,1434.702381,TRUE
1,2,2,1,90,5,2,10322.02381,FALSE
1,2,2,1,90,5,3,9352.27381,FALSE
1,2,2,1,90,5,4,84.33333333,TRUE
1,3,2,0,59,1,0,15616.47222,FALSE
1,3,2,0,59,2,0,35540.36111,FALSE
1,3,2,0,59,4,0,955.5833333,FALSE
1,3,2,0,59,6,0,1669.527778,FALSE
1,3,2,0,60,1,0,11175.38889,FALSE
1,3,2,0,60,2,0,24691.58333,FALSE
1,3,2,0,60,4,0,865.4166667,FALSE
1,3,2,0,60,6,0,1151.444444,FALSE
1,3,2,0,61,1,0,12617.86111,FALSE
1,3,2,0,61,2,0,28355.41667,FALSE
1,3,2,0,61,4,0,942.8333333,FALSE
1,3,2,0,61,6,0,1202.305556,FALSE
1,3,2,0,62,1,0,12199.22222,FALSE
1,3,2,0,62,2,0,27208.77778,FALSE
1,3,2,0,62,4,0,895.3541667,FALSE
1,3,2,0,62,6,0,1187,FALSE
1,3,2,0,63,1,0,13551.11111,FALSE
1,3,2,0,63,2,0,29315.25,FALSE
1,3,2,0,63,4,0,937.2083333,FALSE
1,3,2,0,63,6,0,1189.972222,FALSE
1,3,2,0,64,1,0,9836.805556,FALSE
1,3,2,0,64,2,0,22089,FALSE
1,3,2,0,64,4,0,732.2708333,FALSE
1,3,2,0,64,6,0,1128.833333,FALSE
1,3,2,0,65,1,0,11583.44444,FALSE
1,3,2,0,65,2,0,26265.80556,FALSE
1,3,2,0,65,4,0,782.1458333,FALSE
1,3,2,0,65,6,0,1176.361111,FALSE
1,3,2,0,66,1,0,11422.27778,FALSE
1,3,2,0,66,2,0,25321.30556,FALSE
1,3,2,0,66,4,0,783.1875,FALSE
1,3,2,0,66,6,0,1220.305556,FALSE
1,3,2,0,67,1,0,13531.25,FALSE
1,3,2,0,67,2,0,29873.52778,FALSE
1,3,2,0,67,4,0,833.9583333,FALSE
1,3,2,0,67,6,0,1416.888889,FALSE
1,3,2,0,68,1,0,9286.666667,FALSE
1,3,2,0,68,2,0,19076.69444,FALSE
1,3,2,0,68,4,0,728.1875,FALSE
1,3,2,0,68,6,0,1046.194444,FALSE
1,3,2,0,69,1,0,11055.88889,FALSE
1,3,2,0,69,2,0,22697.61111,FALSE
1,3,2,0,69,3,0,443.25,FALSE
1,3,2,0,69,4,0,802.3333333,FALSE
1,3,2,0,69,6,0,1052.611111,FALSE
1,3,2,0,70,1,0,10450.52778,FALSE
1,3,2,0,70,2,0,21929.41667,FALSE
1,3,2,0,70,3,0,465.9722222,FALSE
1,3,2,0,70,4,0,395.9166667,TRUE
1,3,2,0,70,4,1,880.0208333,FALSE
1,3,2,0,70,4,2,441.625,TRUE
1,3,2,0,70,4,3,878.125,FALSE
1,3,2,0,70,6,0,1110.583333,FALSE
1,3,2,0,71,1,0,12458,FALSE
1,3,2,0,71,2,0,25939.36111,FALSE
1,3,2,0,71,3,0,428.2777778,FALSE
1,3,2,0,71,6,0,1260.638889,FALSE
1,3,2,0,72,1,0,11022.75,FALSE
1,3,2,0,72,2,0,24071.83333,FALSE
1,3,2,0,72,3,0,469.25,FALSE
1,3,2,0,72,6,0,1221.055556,FALSE
1,3,2,0,73,1,0,13506.58333,FALSE
1,3,2,0,73,2,0,28894.08333,FALSE
1,3,2,0,73,3,0,426.3888889,FALSE
1,3,2,0,73,6,0,1336.75,FALSE
1,3,2,0,74,1,0,12918.13889,FALSE
1,3,2,0,74,2,0,27155.75,FALSE
1,3,2,0,74,3,0,459.4166667,FALSE
1,3,2,0,74,6,0,1288.138889,FALSE
1,3,2,0,75,1,0,15422.69444,FALSE
1,3,2,0,75,2,0,31665.02778,FALSE
1,3,2,0,75,3,0,430.6388889,FALSE
1,3,2,0,75,6,0,1523.638889,FALSE
1,3,2,0,76,1,0,10253.80556,FALSE
1,3,2,0,76,2,0,20351.91667,FALSE
1,3,2,0,76,3,0,453.6666667,FALSE
1,3,2,0,76,6,0,1087.583333,FALSE
1,3,2,0,77,1,0,12401.02778,FALSE
1,3,2,0,77,2,0,24788.55556,FALSE
1,3,2,0,77,3,0,430.8333333,FALSE
1,3,2,0,77,6,0,1179.333333,FALSE
1,3,2,0,78,1,0,11979.58333,FALSE
1,3,2,0,78,2,0,23830.25,FALSE
1,3,2,0,78,3,0,472,FALSE
1,3,2,0,78,6,0,1148.388889,FALSE
1,3,2,0,79,1,0,14080.80556,FALSE
1,3,2,0,79,2,0,28434.25,FALSE
1,3,2,0,79,3,0,429.1111111,FALSE
1,3,2,0,79,6,0,1353.361111,FALSE
1,3,2,0,80,1,0,10660.16667,FALSE
1,3,2,0,80,2,0,5495.166667,TRUE
1,3,2,0,80,2,1,5947.333333,TRUE
1,3,2,0,80,2,2,27606.88889,FALSE
1,3,2,0,80,2,3,29080.36111,FALSE
1,3,2,0,80,3,0,95.83333333,TRUE
1,3,2,0,80,3,1,88.30555556,TRUE
1,3,2,0,80,3,2,477,FALSE
1,3,2,0,80,3,3,458.5277778,FALSE
1,3,2,0,80,6,0,318.2222222,TRUE
1,3,2,0,80,6,1,330.0833333,TRUE
1,3,2,0,80,6,2,1344.444444,FALSE
1,3,2,0,80,6,3,1410.416667,FALSE
1,3,2,0,81,1,0,13030.05556,FALSE
1,3,2,0,82,1,0,12591.72222,FALSE
1,3,2,0,83,1,0,14871.66667,FALSE
1,3,2,0,84,1,0,9822.138889,FALSE
1,3,2,0,85,1,0,11790.11111,FALSE
1,3,2,0,86,1,0,11445.41667,FALSE
1,3,2,0,87,1,0,13361.44444,FALSE
1,3,2,0,88,1,0,11642.36111,FALSE
1,3,2,0,89,1,0,13410.5,FALSE
1,3,2,0,90,1,0,249.4166667,TRUE
1,3,2,0,90,1,1,5746.388889,TRUE
1,3,2,0,90,1,2,262.4166667,TRUE
1,3,2,0,90,1,3,15422.55556,FALSE
1,3,2,1,59,1,0,22241.48958,FALSE
1,3,2,1,59,2,0,43504.25,FALSE
1,3,2,1,59,4,0,1271.925,FALSE
1,3,2,1,59,6,0,3848.635417,FALSE
1,3,2,1,60,1,0,17555.98958,FALSE
1,3,2,1,60,2,0,30808.26042,FALSE
1,3,2,1,60,4,0,1229.133333,FALSE
1,3,2,1,60,6,0,2850.375,FALSE
1,3,2,1,61,1,0,18410.92708,FALSE
1,3,2,1,61,2,0,34018.71875,FALSE
1,3,2,1,61,4,0,1251.65,FALSE
1,3,2,1,61,6,0,2844.260417,FALSE
1,3,2,1,62,1,0,18422.45833,FALSE
1,3,2,1,62,2,0,33321.9375,FALSE
1,3,2,1,62,4,0,1250.883333,FALSE
1,3,2,1,62,6,0,2946.09375,FALSE
1,3,2,1,63,1,0,19091.48958,FALSE
1,3,2,1,63,2,0,34839.08333,FALSE
1,3,2,1,63,4,0,1261.808333,FALSE
1,3,2,1,63,6,0,2846.802083,FALSE
1,3,2,1,64,1,0,15925.64583,FALSE
1,3,2,1,64,2,0,29289.05208,FALSE
1,3,2,1,64,4,0,1092.008333,FALSE
1,3,2,1,64,6,0,2796.114583,FALSE
1,3,2,1,65,1,0,17885.10417,FALSE
1,3,2,1,65,2,0,33805.53125,FALSE
1,3,2,1,65,4,0,1133.716667,FALSE
1,3,2,1,65,6,0,2996.385417,FALSE
1,3,2,1,66,1,0,17973.48958,FALSE
1,3,2,1,66,2,0,33244.0625,FALSE
1,3,2,1,66,4,0,1127.183333,FALSE
1,3,2,1,66,6,0,3051.927083,FALSE
1,3,2,1,67,1,0,19897.85417,FALSE
1,3,2,1,67,2,0,38404.65625,FALSE
1,3,2,1,67,4,0,1185.366667,FALSE
1,3,2,1,67,6,0,3455.427083,FALSE
1,3,2,1,68,1,0,15442.38542,FALSE
1,3,2,1,68,2,0,25661.40625,FALSE
1,3,2,1,68,4,0,1088.008333,FALSE
1,3,2,1,68,6,0,2576.041667,FALSE
1,3,2,1,69,1,0,16789.88542,FALSE
1,3,2,1,69,2,0,29482.25,FALSE
1,3,2,1,69,3,0,1637.90625,FALSE
1,3,2,1,69,4,0,1140.566667,FALSE
1,3,2,1,69,5,0,8347.3125,FALSE
1,3,2,1,69,6,0,2660.572917,FALSE
1,3,2,1,70,1,0,16715.85417,FALSE
1,3,2,1,70,2,0,28977.28125,FALSE
1,3,2,1,70,3,0,1639.666667,FALSE
1,3,2,1,70,4,0,522.1333333,TRUE
1,3,2,1,70,4,1,1214.091667,FALSE
1,3,2,1,70,4,2,569.0583333,TRUE
1,3,2,1,70,4,3,1231.841667,FALSE
1,3,2,1,70,4,4,1222.741667,FALSE
1,3,2,1,70,5,0,8528.96875,FALSE
1,3,2,1,70,6,0,2689.3125,FALSE
1,3,2,1,71,1,0,18425.86458,FALSE
1,3,2,1,71,2,0,33755.63542,FALSE
1,3,2,1,71,3,0,1593.34375,FALSE
1,3,2,1,71,5,0,8466.041667,FALSE
1,3,2,1,71,6,0,3058.8125,FALSE
1,3,2,1,72,1,0,17625.03125,FALSE
1,3,2,1,72,2,0,31622.76042,FALSE
1,3,2,1,72,3,0,1576.145833,FALSE
1,3,2,1,72,5,0,8473.489583,FALSE
1,3,2,1,72,6,0,2930.708333,FALSE
1,3,2,1,73,1,0,20074.77083,FALSE
1,3,2,1,73,2,0,37136.01042,FALSE
1,3,2,1,73,3,0,1386.875,FALSE
1,3,2,1,73,5,0,8337.5625,FALSE
1,3,2,1,73,6,0,3309.479167,FALSE
1,3,2,1,74,1,0,19798,FALSE
1,3,2,1,74,2,0,35315.35417,FALSE
1,3,2,1,74,3,0,1593.333333,FALSE
1,3,2,1,74,5,0,8546.197917,FALSE
1,3,2,1,74,6,0,3221.354167,FALSE
1,3,2,1,75,1,0,21968.91667,FALSE
1,3,2,1,75,2,0,40599.90625,FALSE
1,3,2,1,75,3,0,1457.729167,FALSE
1,3,2,1,75,5,0,8369.583333,FALSE
1,3,2,1,75,6,0,3624.729167,FALSE
1,3,2,1,76,1,0,16303.52083,FALSE
1,3,2,1,76,2,0,27220.16667,FALSE
1,3,2,1,76,3,0,1642.229167,FALSE
1,3,2,1,76,5,0,8486.65625,FALSE
1,3,2,1,76,6,0,2641.864583,FALSE
1,3,2,1,77,1,0,18302.125,FALSE
1,3,2,1,77,2,0,32210.0625,FALSE
1,3,2,1,77,3,0,1381.333333,FALSE
1,3,2,1,77,5,0,8339.510417,FALSE
1,3,2,1,77,6,0,2900.583333,FALSE
1,3,2,1,78,1,0,18168.90625,FALSE
1,3,2,1,78,2,0,31247.83333,FALSE
1,3,2,1,78,3,0,1617.197917,FALSE
1,3,2,1,78,5,0,8533.53125,FALSE
1,3,2,1,78,6,0,2862.46875,FALSE
1,3,2,1,79,1,0,20222.64583,FALSE
1,3,2,1,79,2,0,36771.88542,FALSE
1,3,2,1,79,3,0,1547.479167,FALSE
1,3,2,1,79,5,0,8481.3125,FALSE
1,3,2,1,79,6,0,3270.666667,FALSE
1,3,2,1,80,1,0,17158.77083,FALSE
1,3,2,1,80,2,0,7088.239583,TRUE
1,3,2,1,80,2,1,7486.739583,TRUE
1,3,2,1,80,2,2,35904.19792,FALSE
1,3,2,1,80,2,3,37800.47917,FALSE
1,3,2,1,80,2,4,33720.28125,FALSE
1,3,2,1,80,3,0,118.2916667,TRUE
1,3,2,1,80,3,1,117.3958333,TRUE
1,3,2,1,80,3,2,1543.1875,FALSE
1,3,2,1,80,3,3,1483.916667,FALSE
1,3,2,1,80,3,4,1648.666667,FALSE
1,3,2,1,80,5,0,8388.552083,FALSE
1,3,2,1,80,6,0,710.6354167,TRUE
1,3,2,1,80,6,1,746.4895833,TRUE
1,3,2,1,80,6,2,3254,FALSE
1,3,2,1,80,6,3,3327.46875,FALSE
1,3,2,1,80,6,4,3026.791667,FALSE
1,3,2,1,81,1,0,19181.89583,FALSE
1,3,2,1,81,5,0,8155.479167,FALSE
1,3,2,1,82,1,0,19397.16667,FALSE
1,3,2,1,82,5,0,8396.270833,FALSE
1,3,2,1,83,1,0,21139.03125,FALSE
1,3,2,1,83,5,0,8272.552083,FALSE
1,3,2,1,84,1,0,16014.875,FALSE
1,3,2,1,84,5,0,8400.104167,FALSE
1,3,2,1,85,1,0,17491.75,FALSE
1,3,2,1,85,5,0,8175.760417,FALSE
1,3,2,1,86,1,0,17693.19792,FALSE
1,3,2,1,86,5,0,8440.375,FALSE
1,3,2,1,87,1,0,19670.23958,FALSE
1,3,2,1,87,5,0,8238.229167,FALSE
1,3,2,1,88,1,0,18298.10417,FALSE
1,3,2,1,88,5,0,8391.197917,FALSE
1,3,2,1,89,1,0,19702.94792,FALSE
1,3,2,1,89,5,0,8222.3125,FALSE
1,3,2,1,90,1,0,317.875,TRUE
1,3,2,1,90,1,1,8812.604167,TRUE
1,3,2,1,90,1,2,328.5208333,TRUE
1,3,2,1,90,1,3,23376.26042,FALSE
1,3,2,1,90,1,4,20750.82292,FALSE
1,3,2,1,90,5,0,87.32291667,TRUE
1,3,2,1,90,5,1,1393.291667,TRUE
1,3,2,1,90,5,2,9928.385417,FALSE
1,3,2,1,90,5,3,8954.65625,FALSE
1,3,2,1,90,5,4,84.39583333,TRUE
2,1,2,0,59,2,0,35755,FALSE
2,1,2,0,59,6,0,1673.5,FALSE
2,1,2,0,60,2,0,24781.75,FALSE
2,1,2,0,60,6,0,1158.833333,FALSE
2,1,2,0,61,2,0,28482.16667,FALSE
2,1,2,0,61,6,0,1181.75,FALSE
2,1,2,0,62,2,0,26956.83333,FALSE
2,1,2,0,62,6,0,1173.333333,FALSE
2,1,2,0,63,2,0,29323,FALSE
2,1,2,0,63,6,0,1227.166667,FALSE
2,1,2,0,64,2,0,22294.83333,FALSE
2,1,2,0,64,6,0,1133.583333,FALSE
2,1,2,0,65,2,0,26628.66667,FALSE
2,1,2,0,65,6,0,1208.833333,FALSE
2,1,2,0,66,2,0,25153,FALSE
2,1,2,0,66,6,0,1270.416667,FALSE
2,1,2,0,67,2,0,29889.91667,FALSE
2,1,2,0,67,6,0,1438.166667,FALSE
2,1,2,0,68,2,0,19152.25,FALSE
2,1,2,0,68,6,0,1062.75,FALSE
2,1,2,0,69,2,0,22427.66667,FALSE
2,1,2,0,69,3,0,486.9166667,FALSE
2,1,2,0,69,6,0,1097.166667,FALSE
2,1,2,0,70,2,0,21676.83333,FALSE
2,1,2,0,70,3,0,460.5833333,FALSE
2,1,2,0,70,6,0,1090.5,FALSE
2,1,2,0,71,2,0,25634.41667,FALSE
2,1,2,0,71,3,0,420.0833333,FALSE
2,1,2,0,71,6,0,1257.666667,FALSE
2,1,2,0,72,2,0,23956.5,FALSE
2,1,2,0,72,3,0,459.9166667,FALSE
2,1,2,0,72,6,0,1200.25,FALSE
2,1,2,0,73,2,0,29160.33333,FALSE
2,1,2,0,73,3,0,411.0833333,FALSE
2,1,2,0,73,6,0,1366.75,FALSE
2,1,2,0,74,2,0,27455.91667,FALSE
2,1,2,0,74,3,0,436.4166667,FALSE
2,1,2,0,74,6,0,1341.25,FALSE
2,1,2,0,75,2,0,32026.66667,FALSE
2,1,2,0,75,3,0,414.4166667,FALSE
2,1,2,0,75,6,0,1554.416667,FALSE
2,1,2,0,76,2,0,20526.75,FALSE
2,1,2,0,76,3,0,430.25,FALSE
2,1,2,0,76,6,0,1098.25,FALSE
2,1,2,0,77,2,0,25060.83333,FALSE
2,1,2,0,77,3,0,407.1666667,FALSE
2,1,2,0,77,6,0,1192.916667,FALSE
2,1,2,0,78,2,0,23851.33333,FALSE
2,1,2,0,78,3,0,448.0833333,FALSE
2,1,2,0,78,6,0,1167.166667,FALSE
2,1,2,0,79,2,0,28519.58333,FALSE
2,1,2,0,79,3,0,413,FALSE
2,1,2,0,79,6,0,1378.583333,FALSE
2,1,2,0,80,2,0,5475,TRUE
2,1,2,0,80,2,1,5869.5,TRUE
2,1,2,0,80,2,2,27715.25,FALSE
2,1,2,0,80,2,3,29122.75,FALSE
2,1,2,0,80,3,0,91.25,TRUE
2,1,2,0,80,3,1,82.41666667,TRUE
2,1,2,0,80,3,2,447.9166667,FALSE
2,1,2,0,80,3,3,451.4166667,FALSE
2,1,2,0,80,6,0,325.75,TRUE
2,1,2,0,80,6,1,331.5,TRUE
2,1,2,0,80,6,2,1340.833333,FALSE
2,1,2,0,80,6,3,1409.416667,FALSE
2,1,2,1,59,2,0,42828.41667,FALSE
2,1,2,1,59,6,0,4314.666667,FALSE
2,1,2,1,60,2,0,30182.08333,FALSE
2,1,2,1,60,6,0,3177.833333,FALSE
2,1,2,1,61,2,0,33404.08333,FALSE
2,1,2,1,61,6,0,3254.833333,FALSE
2,1,2,1,62,2,0,32211.58333,FALSE
2,1,2,1,62,6,0,3325.75,FALSE
2,1,2,1,63,2,0,33379.66667,FALSE
2,1,2,1,63,6,0,3197.833333,FALSE
2,1,2,1,64,2,0,28715.41667,FALSE
2,1,2,1,64,6,0,3165.666667,FALSE
2,1,2,1,65,2,0,32717.75,FALSE
2,1,2,1,65,6,0,3429.583333,FALSE
2,1,2,1,66,2,0,32885.33333,FALSE
2,1,2,1,66,6,0,3583.083333,FALSE
2,1,2,1,67,2,0,37601.08333,FALSE
2,1,2,1,67,6,0,3890.75,FALSE
2,1,2,1,68,2,0,25074,FALSE
2,1,2,1,68,6,0,2857.833333,FALSE
2,1,2,1,69,2,0,28568.41667,FALSE
2,1,2,1,69,3,0,1621.916667,FALSE
2,1,2,1,69,5,0,8394.083333,FALSE
2,1,2,1,69,6,0,2958.25,FALSE
2,1,2,1,70,2,0,28439.83333,FALSE
2,1,2,1,70,3,0,1565.916667,FALSE
2,1,2,1,70,5,0,8681.333333,FALSE
2,1,2,1,70,6,0,3067.083333,FALSE
2,1,2,1,71,2,0,33140.58333,FALSE
2,1,2,1,71,3,0,1531.083333,FALSE
2,1,2,1,71,5,0,8412.416667,FALSE
2,1,2,1,71,6,0,3482,FALSE
2,1,2,1,72,2,0,30985.58333,FALSE
2,1,2,1,72,3,0,1497.916667,FALSE
2,1,2,1,72,5,0,8523.083333,FALSE
2,1,2,1,72,6,0,3339.583333,FALSE
2,1,2,1,73,2,0,35913.58333,FALSE
2,1,2,1,73,3,0,1333.916667,FALSE
2,1,2,1,73,5,0,8370.75,FALSE
2,1,2,1,73,6,0,3627.166667,FALSE
2,1,2,1,74,2,0,34507.41667,FALSE
2,1,2,1,74,3,0,1544.666667,FALSE
2,1,2,1,74,5,0,8782.083333,FALSE
2,1,2,1,74,6,0,3690.333333,FALSE
2,1,2,1,75,2,0,39183.25,FALSE
2,1,2,1,75,3,0,1412.166667,FALSE
2,1,2,1,75,5,0,8354.75,FALSE
2,1,2,1,75,6,0,4084.583333,FALSE
2,1,2,1,76,2,0,26510.58333,FALSE
2,1,2,1,76,3,0,1571.5,FALSE
2,1,2,1,76,5,0,8483.75,FALSE
2,1,2,1,76,6,0,2987.5,FALSE
2,1,2,1,77,2,0,31579.16667,FALSE
2,1,2,1,77,3,0,1305.5,FALSE
2,1,2,1,77,5,0,8498.583333,FALSE
2,1,2,1,77,6,0,3395.5,FALSE
2,1,2,1,78,2,0,30459.66667,FALSE
2,1,2,1,78,3,0,1524.833333,FALSE
2,1,2,1,78,5,0,8561.083333,FALSE
2,1,2,1,78,6,0,3289,FALSE
2,1,2,1,79,2,0,36146.66667,FALSE
2,1,2,1,79,3,0,1464.5,FALSE
2,1,2,1,79,5,0,8499.166667,FALSE
2,1,2,1,79,6,0,3667.666667,FALSE
2,1,2,1,80,2,0,7014.583333,TRUE
2,1,2,1,80,2,1,7174.25,TRUE
2,1,2,1,80,2,2,34963.33333,FALSE
2,1,2,1,80,2,3,36701.41667,FALSE
2,1,2,1,80,2,4,33539.25,FALSE
2,1,2,1,80,3,0,113,TRUE
2,1,2,1,80,3,1,117.5833333,TRUE
2,1,2,1,80,3,2,1460.666667,FALSE
2,1,2,1,80,3,3,1456.166667,FALSE
2,1,2,1,80,3,4,1558.916667,FALSE
2,1,2,1,80,5,0,8380.25,FALSE
2,1,2,1,80,6,0,788.5,TRUE
2,1,2,1,80,6,1,812.5833333,TRUE
2,1,2,1,80,6,2,3810.083333,FALSE
2,1,2,1,80,6,3,3711.583333,FALSE
2,1,2,1,80,6,4,3471.083333,FALSE
2,1,2,1,81,5,0,8214.25,FALSE
2,1,2,1,82,5,0,8497.666667,FALSE
2,1,2,1,83,5,0,8228.916667,FALSE
2,1,2,1,84,5,0,8498.666667,FALSE
2,1,2,1,85,5,0,8122.416667,FALSE
2,1,2,1,86,5,0,8572.583333,FALSE
2,1,2,1,87,5,0,8308,FALSE
2,1,2,1,88,5,0,8415.583333,FALSE
2,1,2,1,89,5,0,8359.083333,FALSE
2,1,2,1,90,5,0,80,TRUE
2,1,2,1,90,5,1,1391.75,TRUE
2,1,2,1,90,5,2,10032.33333,FALSE
2,1,2,1,90,5,3,9084.666667,FALSE
2,1,2,1,90,5,4,79.58333333,TRUE
2,2,2,0,59,1,0,14748.16667,FALSE
2,2,2,0,59,2,0,33163.83333,FALSE
2,2,2,0,59,4,0,922,FALSE
2,2,2,0,59,6,0,1540.291667,FALSE
2,2,2,0,60,1,0,10433.75,FALSE
2,2,2,0,60,2,0,23042.41667,FALSE
2,2,2,0,60,4,0,811.0833333,FALSE
2,2,2,0,60,6,0,1051.916667,FALSE
2,2,2,0,61,1,0,11982,FALSE
2,2,2,0,61,2,0,26609.29167,FALSE
2,2,2,0,61,4,0,875.6666667,FALSE
2,2,2,0,61,6,0,1100.083333,FALSE
2,2,2,0,62,1,0,11697.75,FALSE
2,2,2,0,62,2,0,25565.75,FALSE
2,2,2,0,62,4,0,836.9166667,FALSE
2,2,2,0,62,6,0,1090.541667,FALSE
2,2,2,0,63,1,0,12834.08333,FALSE
2,2,2,0,63,2,0,27743,FALSE
2,2,2,0,63,4,0,888.9166667,FALSE
2,2,2,0,63,6,0,1104.958333,FALSE
2,2,2,0,64,1,0,9322.083333,FALSE
2,2,2,0,64,2,0,20705.66667,FALSE
2,2,2,0,64,4,0,666,FALSE
2,2,2,0,64,6,0,1060.75,FALSE
2,2,2,0,65,1,0,11026.91667,FALSE
2,2,2,0,65,2,0,24777.45833,FALSE
2,2,2,0,65,4,0,757.4166667,FALSE
2,2,2,0,65,6,0,1110.375,FALSE
2,2,2,0,66,1,0,10886.5,FALSE
2,2,2,0,66,2,0,23904.125,FALSE
2,2,2,0,66,4,0,726.5833333,FALSE
2,2,2,0,66,6,0,1149.833333,FALSE
2,2,2,0,67,1,0,12782.75,FALSE
2,2,2,0,67,2,0,28080,FALSE
2,2,2,0,67,4,0,820.4166667,FALSE
2,2,2,0,67,6,0,1332.708333,FALSE
2,2,2,0,68,1,0,8944.5,FALSE
2,2,2,0,68,2,0,18005.58333,FALSE
2,2,2,0,68,4,0,681.25,FALSE
2,2,2,0,68,6,0,938.875,FALSE
2,2,2,0,69,1,0,10370.5,FALSE
2,2,2,0,69,2,0,21278.33333,FALSE
2,2,2,0,69,3,0,405.7083333,FALSE
2,2,2,0,69,4,0,766.0833333,FALSE
2,2,2,0,69,6,0,981.9166667,FALSE
2,2,2,0,70,1,0,9982.583333,FALSE
2,2,2,0,70,2,0,20737.04167,FALSE
2,2,2,0,70,3,0,436.125,FALSE
2,2,2,0,70,4,0,376.25,TRUE
2,2,2,0,70,4,1,809.0833333,FALSE
2,2,2,0,70,4,2,425.3333333,TRUE
2,2,2,0,70,4,3,833.25,FALSE
2,2,2,0,70,6,0,1035.458333,FALSE
2,2,2,0,71,1,0,11735.5,FALSE
2,2,2,0,71,2,0,24188.04167,FALSE
2,2,2,0,71,3,0,415.2083333,FALSE
2,2,2,0,71,6,0,1168.041667,FALSE
2,2,2,0,72,1,0,10504.33333,FALSE
2,2,2,0,72,2,0,22835.33333,FALSE
2,2,2,0,72,3,0,419.375,FALSE
2,2,2,0,72,6,0,1103.75,FALSE
2,2,2,0,73,1,0,12757.41667,FALSE
2,2,2,0,73,2,0,27327.04167,FALSE
2,2,2,0,73,3,0,379.4166667,FALSE
2,2,2,0,73,6,0,1257.125,FALSE
2,2,2,0,74,1,0,12222.25,FALSE
2,2,2,0,74,2,0,25621.875,FALSE
2,2,2,0,74,3,0,427.875,FALSE
2,2,2,0,74,6,0,1195.166667,FALSE
2,2,2,0,75,1,0,14429.25,FALSE
2,2,2,0,75,2,0,29918.33333,FALSE
2,2,2,0,75,3,0,391.2916667,FALSE
2,2,2,0,75,6,0,1431.375,FALSE
2,2,2,0,76,1,0,9703.75,FALSE
2,2,2,0,76,2,0,19022.83333,FALSE
2,2,2,0,76,3,0,431.7083333,FALSE
2,2,2,0,76,6,0,1012.791667,FALSE
2,2,2,0,77,1,0,11617.25,FALSE
2,2,2,0,77,2,0,23229,FALSE
2,2,2,0,77,3,0,391.8333333,FALSE
2,2,2,0,77,6,0,1109.5,FALSE
2,2,2,0,78,1,0,11085.58333,FALSE
2,2,2,0,78,2,0,22187.95833,FALSE
2,2,2,0,78,3,0,424.875,FALSE
2,2,2,0,78,6,0,1056.208333,FALSE
2,2,2,0,79,1,0,13463.08333,FALSE
2,2,2,0,79,2,0,26623.91667,FALSE
2,2,2,0,79,3,0,396.75,FALSE
2,2,2,0,79,6,0,1240.916667,FALSE
2,2,2,0,80,1,0,10028,FALSE
2,2,2,0,80,2,0,5081.083333,TRUE
2,2,2,0,80,2,1,5542.708333,TRUE
2,2,2,0,80,2,2,26016.58333,FALSE
2,2,2,0,80,2,3,27359.41667,FALSE
2,2,2,0,80,3,0,87.70833333,TRUE
2,2,2,0,80,3,1,89.66666667,TRUE
2,2,2,0,80,3,2,426.7916667,FALSE
2,2,2,0,80,3,3,423.375,FALSE
2,2,2,0,80,6,0,303.5416667,TRUE
2,2,2,0,80,6,1,309.7916667,TRUE
2,2,2,0,80,6,2,1233.708333,FALSE
2,2,2,0,80,6,3,1262.25,FALSE
2,2,2,0,81,1,0,12340.75,FALSE
2,2,2,0,82,1,0,12061.58333,FALSE
2,2,2,0,83,1,0,13873,FALSE
2,2,2,0,84,1,0,9268.416667,FALSE
2,2,2,0,85,1,0,11154,FALSE
2,2,2,0,86,1,0,10856.75,FALSE
2,2,2,0,87,1,0,12635.25,FALSE
2,2,2,0,88,1,0,11153.58333,FALSE
2,2,2,0,89,1,0,12801.33333,FALSE
2,2,2,0,90,1,0,230.8333333,TRUE
2,2,2,0,90,1,1,5558.583333,TRUE
2,2,2,0,90,1,2,243.6666667,TRUE
2,2,2,0,90,1,3,14637.83333,FALSE
2,2,2,1,59,1,0,22291.5,FALSE
2,2,2,1,59,2,0,44130.52083,FALSE
2,2,2,1,59,4,0,1197.208333,FALSE
2,2,2,1,59,6,0,3525.979167,FALSE
2,2,2,1,60,1,0,17613.75,FALSE
2,2,2,1,60,2,0,31169.3125,FALSE
2,2,2,1,60,4,0,1132.583333,FALSE
2,2,2,1,60,6,0,2588.604167,FALSE
2,2,2,1,61,1,0,18322.20833,FALSE
2,2,2,1,61,2,0,34348.79167,FALSE
2,2,2,1,61,4,0,1173.083333,FALSE
2,2,2,1,61,6,0,2594.5625,FALSE
2,2,2,1,62,1,0,18136.95833,FALSE
2,2,2,1,62,2,0,33680.85417,FALSE
2,2,2,1,62,4,0,1216.375,FALSE
2,2,2,1,62,6,0,2680.625,FALSE
2,2,2,1,63,1,0,18951.66667,FALSE
2,2,2,1,63,2,0,35216.10417,FALSE
2,2,2,1,63,4,0,1187.916667,FALSE
2,2,2,1,63,6,0,2597.1875,FALSE
2,2,2,1,64,1,0,15883.33333,FALSE
2,2,2,1,64,2,0,29650.39583,FALSE
2,2,2,1,64,4,0,1022.708333,FALSE
2,2,2,1,64,6,0,2532.5625,FALSE
2,2,2,1,65,1,0,17781.95833,FALSE
2,2,2,1,65,2,0,34141.375,FALSE
2,2,2,1,65,4,0,1085.916667,FALSE
2,2,2,1,65,6,0,2731.25,FALSE
2,2,2,1,66,1,0,17875.79167,FALSE
2,2,2,1,66,2,0,33591.52083,FALSE
2,2,2,1,66,4,0,1085.416667,FALSE
2,2,2,1,66,6,0,2796.0625,FALSE
2,2,2,1,67,1,0,19775.45833,FALSE
2,2,2,1,67,2,0,38630.14583,FALSE
2,2,2,1,67,4,0,1133.166667,FALSE
2,2,2,1,67,6,0,3128.375,FALSE
2,2,2,1,68,1,0,15346.41667,FALSE
2,2,2,1,68,2,0,25870.54167,FALSE
2,2,2,1,68,4,0,1033.5,FALSE
2,2,2,1,68,6,0,2300.708333,FALSE
2,2,2,1,69,1,0,16949.70833,FALSE
2,2,2,1,69,2,0,29665.39583,FALSE
2,2,2,1,69,3,0,1764.416667,FALSE
2,2,2,1,69,4,0,1096.958333,FALSE
2,2,2,1,69,5,0,7337.4375,FALSE
2,2,2,1,69,6,0,2414.1875,FALSE
2,2,2,1,70,1,0,16981.875,FALSE
2,2,2,1,70,2,0,29255.02083,FALSE
2,2,2,1,70,3,0,1713.666667,FALSE
2,2,2,1,70,4,0,485.3333333,TRUE
2,2,2,1,70,4,1,1176.708333,FALSE
2,2,2,1,70,4,2,534.2916667,TRUE
2,2,2,1,70,4,3,1168.666667,FALSE
2,2,2,1,70,4,4,1150.583333,FALSE
2,2,2,1,70,5,0,7495.791667,FALSE
2,2,2,1,70,6,0,2435.104167,FALSE
2,2,2,1,71,1,0,18651.79167,FALSE
2,2,2,1,71,2,0,33973.8125,FALSE
2,2,2,1,71,3,0,1641.416667,FALSE
2,2,2,1,71,5,0,7383.666667,FALSE
2,2,2,1,71,6,0,2783.395833,FALSE
2,2,2,1,72,1,0,17699.54167,FALSE
2,2,2,1,72,2,0,31886.77083,FALSE
2,2,2,1,72,3,0,1622.416667,FALSE
2,2,2,1,72,5,0,7410.229167,FALSE
2,2,2,1,72,6,0,2704.583333,FALSE
2,2,2,1,73,1,0,19987.16667,FALSE
2,2,2,1,73,2,0,37423.29167,FALSE
2,2,2,1,73,3,0,1421.5,FALSE
2,2,2,1,73,5,0,7266.520833,FALSE
2,2,2,1,73,6,0,3036.729167,FALSE
2,2,2,1,74,1,0,19541.83333,FALSE
2,2,2,1,74,2,0,35631.75,FALSE
2,2,2,1,74,3,0,1626.145833,FALSE
2,2,2,1,74,5,0,7416.75,FALSE
2,2,2,1,74,6,0,2920.229167,FALSE
2,2,2,1,75,1,0,21973.08333,FALSE
2,2,2,1,75,2,0,40673.10417,FALSE
2,2,2,1,75,3,0,1561.416667,FALSE
2,2,2,1,75,5,0,7293.270833,FALSE
2,2,2,1,75,6,0,3277.354167,FALSE
2,2,2,1,76,1,0,16215.625,FALSE
2,2,2,1,76,2,0,27507.52083,FALSE
2,2,2,1,76,3,0,1708.25,FALSE
2,2,2,1,76,5,0,7321,FALSE
2,2,2,1,76,6,0,2416.270833,FALSE
2,2,2,1,77,1,0,18192.25,FALSE
2,2,2,1,77,2,0,32427.91667,FALSE
2,2,2,1,77,3,0,1510.041667,FALSE
2,2,2,1,77,5,0,7256.791667,FALSE
2,2,2,1,77,6,0,2638.916667,FALSE
2,2,2,1,78,1,0,18093.91667,FALSE
2,2,2,1,78,2,0,31308.3125,FALSE
2,2,2,1,78,3,0,1745.916667,FALSE
2,2,2,1,78,5,0,7469.583333,FALSE
2,2,2,1,78,6,0,2579.6875,FALSE
2,2,2,1,79,1,0,20010.83333,FALSE
2,2,2,1,79,2,0,36975.97917,FALSE
2,2,2,1,79,3,0,1651.375,FALSE
2,2,2,1,79,5,0,7374.6875,FALSE
2,2,2,1,79,6,0,2968.833333,FALSE
2,2,2,1,80,1,0,17135.54167,FALSE
2,2,2,1,80,2,0,7150.854167,TRUE
2,2,2,1,80,2,1,7453.5625,TRUE
2,2,2,1,80,2,2,36147.14583,FALSE
2,2,2,1,80,2,3,37931.75,FALSE
2,2,2,1,80,2,4,34097.29167,FALSE
2,2,2,1,80,3,0,131.8541667,TRUE
2,2,2,1,80,3,1,127.0625,TRUE
2,2,2,1,80,3,2,1650.333333,FALSE
2,2,2,1,80,3,3,1520.166667,FALSE
2,2,2,1,80,3,4,1726.708333,FALSE
2,2,2,1,80,5,0,7354.375,FALSE
2,2,2,1,80,6,0,653.2291667,TRUE
2,2,2,1,80,6,1,683.6041667,TRUE
2,2,2,1,80,6,2,2982.25,FALSE
2,2,2,1,80,6,3,3077.645833,FALSE
2,2,2,1,80,6,4,2810.6875,FALSE
2,2,2,1,81,1,0,19010.79167,FALSE
2,2,2,1,81,5,0,7129.708333,FALSE
2,2,2,1,82,1,0,19555.54167,FALSE
2,2,2,1,82,5,0,7332.958333,FALSE
2,2,2,1,83,1,0,21271.16667,FALSE
2,2,2,1,83,5,0,7117.4375,FALSE
2,2,2,1,84,1,0,15953.16667,FALSE
2,2,2,1,84,5,0,7283.270833,FALSE
2,2,2,1,85,1,0,17470.54167,FALSE
2,2,2,1,85,5,0,7043.9375,FALSE
2,2,2,1,86,1,0,17668.41667,FALSE
2,2,2,1,86,5,0,7397.625,FALSE
2,2,2,1,87,1,0,19462.20833,FALSE
2,2,2,1,87,5,0,7221.854167,FALSE
2,2,2,1,88,1,0,18201.54167,FALSE
2,2,2,1,88,5,0,7256,FALSE
2,2,2,1,89,1,0,19728.16667,FALSE
2,2,2,1,89,5,0,7156.583333,FALSE
2,2,2,1,90,1,0,312.1666667,TRUE
2,2,2,1,90,1,1,8841.125,TRUE
2,2,2,1,90,1,2,333.5,TRUE
2,2,2,1,90,1,3,23464.66667,FALSE
2,2,2,1,90,1,4,20901,FALSE
2,2,2,1,90,5,0,82.02083333,TRUE
2,2,2,1,90,5,1,1217.520833,TRUE
2,2,2,1,90,5,2,8721.145833,FALSE
2,2,2,1,90,5,3,7825.625,FALSE
2,2,2,1,90,5,4,78.79166667,TRUE
2,3,2,0,59,1,0,16739.04167,FALSE
2,3,2,0,59,2,0,39670.04167,FALSE
2,3,2,0,59,4,0,842.9583333,FALSE
2,3,2,0,59,6,0,1327.208333,FALSE
2,3,2,0,60,1,0,11861,FALSE
2,3,2,0,60,2,0,27674.08333,FALSE
2,3,2,0,60,4,0,773.25,FALSE
2,3,2,0,60,6,0,903.7083333,FALSE
2,3,2,0,61,1,0,13457.70833,FALSE
2,3,2,0,61,2,0,31959.45833,FALSE
2,3,2,0,61,4,0,803.0833333,FALSE
2,3,2,0,61,6,0,943.5833333,FALSE
2,3,2,0,62,1,0,13017.08333,FALSE
2,3,2,0,62,2,0,30492.95833,FALSE
2,3,2,0,62,4,0,780.4166667,FALSE
2,3,2,0,62,6,0,930.5,FALSE
2,3,2,0,63,1,0,14320.58333,FALSE
2,3,2,0,63,2,0,32823,FALSE
2,3,2,0,63,4,0,829.9583333,FALSE
2,3,2,0,63,6,0,972.75,FALSE
2,3,2,0,64,1,0,10384.08333,FALSE
2,3,2,0,64,2,0,24532.54167,FALSE
2,3,2,0,64,4,0,635.2916667,FALSE
2,3,2,0,64,6,0,908.9583333,FALSE
2,3,2,0,65,1,0,12516.625,FALSE
2,3,2,0,65,2,0,29321.5,FALSE
2,3,2,0,65,4,0,690.7083333,FALSE
2,3,2,0,65,6,0,965.8333333,FALSE
2,3,2,0,66,1,0,12204.79167,FALSE
2,3,2,0,66,2,0,28473.41667,FALSE
2,3,2,0,66,4,0,692.3333333,FALSE
2,3,2,0,66,6,0,999.7916667,FALSE
2,3,2,0,67,1,0,14441.75,FALSE
2,3,2,0,67,2,0,33097.20833,FALSE
2,3,2,0,67,4,0,743.0416667,FALSE
2,3,2,0,67,6,0,1141.083333,FALSE
2,3,2,0,68,1,0,10022.33333,FALSE
2,3,2,0,68,2,0,21373.375,FALSE
2,3,2,0,68,4,0,640.0416667,FALSE
2,3,2,0,68,6,0,835.2083333,FALSE
2,3,2,0,69,1,0,11647.5,FALSE
2,3,2,0,69,2,0,25577.66667,FALSE
2,3,2,0,69,3,0,457.625,FALSE
2,3,2,0,69,4,0,717.5,FALSE
2,3,2,0,69,6,0,864.1666667,FALSE
2,3,2,0,70,1,0,11435.29167,FALSE
2,3,2,0,70,2,0,24643.91667,FALSE
2,3,2,0,70,3,0,447.2083333,FALSE
2,3,2,0,70,4,0,357.7083333,TRUE
2,3,2,0,70,4,1,785.0833333,FALSE
2,3,2,0,70,4,2,394,TRUE
2,3,2,0,70,4,3,775.625,FALSE
2,3,2,0,70,6,0,893.6666667,FALSE
2,3,2,0,71,1,0,13227.20833,FALSE
2,3,2,0,71,2,0,29357.125,FALSE
2,3,2,0,71,3,0,420,FALSE
2,3,2,0,71,6,0,1013.666667,FALSE
2,3,2,0,72,1,0,11892.41667,FALSE
2,3,2,0,72,2,0,27071.33333,FALSE
2,3,2,0,72,3,0,430.0416667,FALSE
2,3,2,0,72,6,0,968.0416667,FALSE
2,3,2,0,73,1,0,14420,FALSE
2,3,2,0,73,2,0,32429.625,FALSE
2,3,2,0,73,3,0,410.2083333,FALSE
2,3,2,0,73,6,0,1094.125,FALSE
2,3,2,0,74,1,0,13831.83333,FALSE
2,3,2,0,74,2,0,30254,FALSE
2,3,2,0,74,3,0,446.5833333,FALSE
2,3,2,0,74,6,0,1022.75,FALSE
2,3,2,0,75,1,0,16537.95833,FALSE
2,3,2,0,75,2,0,35396.95833,FALSE
2,3,2,0,75,3,0,412.9166667,FALSE
2,3,2,0,75,6,0,1230.041667,FALSE
2,3,2,0,76,1,0,10863.75,FALSE
2,3,2,0,76,2,0,22905.79167,FALSE
2,3,2,0,76,3,0,434.5833333,FALSE
2,3,2,0,76,6,0,873.875,FALSE
2,3,2,0,77,1,0,13256.29167,FALSE
2,3,2,0,77,2,0,27642.20833,FALSE
2,3,2,0,77,3,0,409.8333333,FALSE
2,3,2,0,77,6,0,957.4166667,FALSE
2,3,2,0,78,1,0,12714.45833,FALSE
2,3,2,0,78,2,0,26386,FALSE
2,3,2,0,78,3,0,452.5416667,FALSE
2,3,2,0,78,6,0,955.0416667,FALSE
2,3,2,0,79,1,0,14992.70833,FALSE
2,3,2,0,79,2,0,31569.70833,FALSE
2,3,2,0,79,3,0,425.375,FALSE
2,3,2,0,79,6,0,1097.958333,FALSE
2,3,2,0,80,1,0,11213.20833,FALSE
2,3,2,0,80,2,0,6111.833333,TRUE
2,3,2,0,80,2,1,6569.083333,TRUE
2,3,2,0,80,2,2,30916.54167,FALSE
2,3,2,0,80,2,3,32575.20833,FALSE
2,3,2,0,80,3,0,91.54166667,TRUE
2,3,2,0,80,3,1,84.83333333,TRUE
2,3,2,0,80,3,2,442.75,FALSE
2,3,2,0,80,3,3,447.4166667,FALSE
2,3,2,0,80,6,0,272.4583333,TRUE
2,3,2,0,80,6,1,271.6666667,TRUE
2,3,2,0,80,6,2,1069.958333,FALSE
2,3,2,0,80,6,3,1118.791667,FALSE
2,3,2,0,81,1,0,13723.625,FALSE
2,3,2,0,82,1,0,13424.25,FALSE
2,3,2,0,83,1,0,15716.83333,FALSE
2,3,2,0,84,1,0,10541.54167,FALSE
2,3,2,0,85,1,0,12536.20833,FALSE
2,3,2,0,86,1,0,12223.16667,FALSE
2,3,2,0,87,1,0,14295.25,FALSE
2,3,2,0,88,1,0,12440.375,FALSE
2,3,2,0,89,1,0,14557.25,FALSE
2,3,2,0,90,1,0,249.6666667,TRUE
2,3,2,0,90,1,1,6126.125,TRUE
2,3,2,0,90,1,2,272.2916667,TRUE
2,3,2,0,90,1,3,16347.20833,FALSE
2,3,2,1,59,1,0,19136.63333,FALSE
2,3,2,1,59,2,0,41602.16667,FALSE
2,3,2,1,59,4,0,1290.483333,FALSE
2,3,2,1,59,6,0,4739.6,FALSE
2,3,2,1,60,1,0,15103.55833,FALSE
2,3,2,1,60,2,0,29371.26667,FALSE
2,3,2,1,60,4,0,1222.025,FALSE
2,3,2,1,60,6,0,3536.183333,FALSE
2,3,2,1,61,1,0,15871.1,FALSE
2,3,2,1,61,2,0,32508.36667,FALSE
2,3,2,1,61,4,0,1259.891667,FALSE
2,3,2,1,61,6,0,3492.425,FALSE
2,3,2,1,62,1,0,15812.31667,FALSE
2,3,2,1,62,2,0,32002.175,FALSE
2,3,2,1,62,4,0,1244.691667,FALSE
2,3,2,1,62,6,0,3671.958333,FALSE
2,3,2,1,63,1,0,16262.96667,FALSE
2,3,2,1,63,2,0,33387.80833,FALSE
2,3,2,1,63,4,0,1237.491667,FALSE
2,3,2,1,63,6,0,3537.383333,FALSE
2,3,2,1,64,1,0,13685.86667,FALSE
2,3,2,1,64,2,0,27994.025,FALSE
2,3,2,1,64,4,0,1070.533333,FALSE
2,3,2,1,64,6,0,3491.35,FALSE
2,3,2,1,65,1,0,15329.48333,FALSE
2,3,2,1,65,2,0,32508.41667,FALSE
2,3,2,1,65,4,0,1133.9,FALSE
2,3,2,1,65,6,0,3687.508333,FALSE
2,3,2,1,66,1,0,15472.74167,FALSE
2,3,2,1,66,2,0,31910.64167,FALSE
2,3,2,1,66,4,0,1118.9,FALSE
2,3,2,1,66,6,0,3769.2,FALSE
2,3,2,1,67,1,0,17152.61667,FALSE
2,3,2,1,67,2,0,36755.1,FALSE
2,3,2,1,67,4,0,1193.683333,FALSE
2,3,2,1,67,6,0,4251.225,FALSE
2,3,2,1,68,1,0,13173.78333,FALSE
2,3,2,1,68,2,0,24726.775,FALSE
2,3,2,1,68,4,0,1087.6,FALSE
2,3,2,1,68,6,0,3200.975,FALSE
2,3,2,1,69,1,0,14430.04167,FALSE
2,3,2,1,69,2,0,28220.525,FALSE
2,3,2,1,69,3,0,1715.25,FALSE
2,3,2,1,69,4,0,1159.316667,FALSE
2,3,2,1,69,5,0,7877.808333,FALSE
2,3,2,1,69,6,0,3274.65,FALSE
2,3,2,1,70,1,0,14385.09167,FALSE
2,3,2,1,70,2,0,27941.7,FALSE
2,3,2,1,70,3,0,1696.575,FALSE
2,3,2,1,70,4,0,527.1666667,TRUE
2,3,2,1,70,4,1,1237.525,FALSE
2,3,2,1,70,4,2,583.25,TRUE
2,3,2,1,70,4,3,1266.425,FALSE
2,3,2,1,70,4,4,1243.833333,FALSE
2,3,2,1,70,5,0,8058.691667,FALSE
2,3,2,1,70,6,0,3312.725,FALSE
2,3,2,1,71,1,0,15919.775,FALSE
2,3,2,1,71,2,0,32261.175,FALSE
2,3,2,1,71,3,0,1663.95,FALSE
2,3,2,1,71,5,0,7922.225,FALSE
2,3,2,1,71,6,0,3734.4,FALSE
2,3,2,1,72,1,0,15199.91667,FALSE
2,3,2,1,72,2,0,30267.55,FALSE
2,3,2,1,72,3,0,1622.391667,FALSE
2,3,2,1,72,5,0,7953.233333,FALSE
2,3,2,1,72,6,0,3604.441667,FALSE
2,3,2,1,73,1,0,17220.925,FALSE
2,3,2,1,73,2,0,35555.80833,FALSE
2,3,2,1,73,3,0,1445.508333,FALSE
2,3,2,1,73,5,0,7801.858333,FALSE
2,3,2,1,73,6,0,4094,FALSE
2,3,2,1,74,1,0,16957.41667,FALSE
2,3,2,1,74,2,0,33842.83333,FALSE
2,3,2,1,74,3,0,1632.35,FALSE
2,3,2,1,74,5,0,8071.125,FALSE
2,3,2,1,74,6,0,4024.116667,FALSE
2,3,2,1,75,1,0,18952.53333,FALSE
2,3,2,1,75,2,0,38762.84167,FALSE
2,3,2,1,75,3,0,1540.6,FALSE
2,3,2,1,75,5,0,7875.508333,FALSE
2,3,2,1,75,6,0,4453.783333,FALSE
2,3,2,1,76,1,0,14045.36667,FALSE
2,3,2,1,76,2,0,26250.525,FALSE
2,3,2,1,76,3,0,1667.4,FALSE
2,3,2,1,76,5,0,7937.208333,FALSE
2,3,2,1,76,6,0,3242.741667,FALSE
2,3,2,1,77,1,0,15737.09167,FALSE
2,3,2,1,77,2,0,30761.56667,FALSE
2,3,2,1,77,3,0,1461.9,FALSE
2,3,2,1,77,5,0,7835.65,FALSE
2,3,2,1,77,6,0,3556.116667,FALSE
2,3,2,1,78,1,0,15636.925,FALSE
2,3,2,1,78,2,0,29784.76667,FALSE
2,3,2,1,78,3,0,1702.175,FALSE
2,3,2,1,78,5,0,8030.866667,FALSE
2,3,2,1,78,6,0,3555.666667,FALSE
2,3,2,1,79,1,0,17386.63333,FALSE
2,3,2,1,79,2,0,34993.51667,FALSE
2,3,2,1,79,3,0,1619.991667,FALSE
2,3,2,1,79,5,0,7956.016667,FALSE
2,3,2,1,79,6,0,4051.891667,FALSE
2,3,2,1,80,1,0,14721.075,FALSE
2,3,2,1,80,2,0,6826.716667,TRUE
2,3,2,1,80,2,1,7162.425,TRUE
2,3,2,1,80,2,2,34314.56667,FALSE
2,3,2,1,80,2,3,36101.85,FALSE
2,3,2,1,80,2,4,32349.94167,FALSE
2,3,2,1,80,3,0,125.5166667,TRUE
2,3,2,1,80,3,1,123.25,TRUE
2,3,2,1,80,3,2,1601.308333,FALSE
2,3,2,1,80,3,3,1525.908333,FALSE
2,3,2,1,80,3,4,1725.808333,FALSE
2,3,2,1,80,5,0,7918.483333,FALSE
2,3,2,1,80,6,0,879.675,TRUE
2,3,2,1,80,6,1,914.875,TRUE
2,3,2,1,80,6,2,3993.55,FALSE
2,3,2,1,80,6,3,4093.283333,FALSE
2,3,2,1,80,6,4,3755.758333,FALSE
2,3,2,1,81,1,0,16501.11667,FALSE
2,3,2,1,81,5,0,7633.041667,FALSE
2,3,2,1,82,1,0,16757.59167,FALSE
2,3,2,1,82,5,0,7966.075,FALSE
2,3,2,1,83,1,0,18241.95,FALSE
2,3,2,1,83,5,0,7776.916667,FALSE
2,3,2,1,84,1,0,13713.03333,FALSE
2,3,2,1,84,5,0,7921.883333,FALSE
2,3,2,1,85,1,0,15027.56667,FALSE
2,3,2,1,85,5,0,7660.591667,FALSE
2,3,2,1,86,1,0,15241.53333,FALSE
2,3,2,1,86,5,0,7981.433333,FALSE
2,3,2,1,87,1,0,16924.25833,FALSE
2,3,2,1,87,5,0,7745.391667,FALSE
2,3,2,1,88,1,0,15732.175,FALSE
2,3,2,1,88,5,0,7837.233333,FALSE
2,3,2,1,89,1,0,16876.15833,FALSE
2,3,2,1,89,5,0,7748.016667,FALSE
2,3,2,1,90,1,0,279.65,TRUE
2,3,2,1,90,1,1,7642.65,TRUE
2,3,2,1,90,1,2,290.65,TRUE
2,3,2,1,90,1,3,20243.15,FALSE
2,3,2,1,90,1,4,17944.71667,FALSE
2,3,2,1,90,5,0,82.425,TRUE
2,3,2,1,90,5,1,1316.983333,TRUE
2,3,2,1,90,5,2,9365.45,FALSE
2,3,2,1,90,5,3,8474.025,FALSE
2,3,2,1,90,5,4,82.00833333,TRUE
