,0,1,2,3,4,5,6,7,8,9,10,11,12,13,14,15,16,17,18,19,20,21,22,23,24,25,26,27,28,29,30,31,32,33,34,35,36,37,38,39,40,41,42,43,44,45,46,47,48,49,50,51,52,53,54,55,56,57,58,59,60,61,62,63,64,65,66,67,68,69,70,71,72,73,74,75,76,77,78,79,80,81,82,83,84,85,86,87,88,89,90,91,92,93,94,95,96,97,98,99,100,101,102,103,104,105,106,107,108,109,110,111,112,113,114,115,116,117,118,119,120
0,67,8,0,0,0,0,0,0,0,0,0,5,47,15,4,4,0,0,0,0,0,0,0,24,19,15,6,2,2,2,2,2,1,0,17,11,21,10,7,4,1,1,1,2,0,6,7,12,9,7,10,6,6,6,6,1,3,5,13,12,13,5,3,8,8,4,0,4,4,6,7,15,13,4,9,7,6,0,0,2,5,7,7,9,8,11,12,14,0,1,3,8,4,11,7,9,4,10,18,0,0,3,5,4,7,7,11,7,19,12,0,0,3,2,3,6,11,7,9,12,22
,0,1,2,3,4,5,6,7,8,9,10,11,12,13,14,15,16,17,18,19,20,21,22,23,24,25,26,27,28,29,30,31,32,33,34,35,36,37,38,39,40,41,42,43,44,45,46,47,48,49,50,51,52,53,54,55,56,57,58,59,60,61,62,63,64,65,66,67,68,69,70,71,72,73,74,75,76,77,78,79,80,81,82,83,84,85,86,87,88,89,90,91,92,93,94,95,96,97,98,99,100,101,102,103,104,105,106,107,108,109,110,111,112,113,114,115,116,117,118,119,120
0,55,15,3,1,0,0,1,0,0,0,0,9,27,16,6,2,6,3,0,3,3,0,7,15,19,15,5,4,2,4,3,0,1,5,11,12,13,7,6,13,3,3,1,1,0,8,7,12,11,5,9,5,8,5,5,1,2,6,12,8,8,7,8,7,6,10,0,4,1,10,5,3,10,12,6,14,10,0,3,9,5,8,10,8,7,10,5,10,1,3,5,6,9,8,7,8,10,4,14,1,1,2,7,6,5,5,11,12,8,17,0,2,3,3,3,6,8,12,13,6,19
,0,1,2,3,4,5,6,7,8,9,10,11,12,13,14,15,16,17,18,19,20,21,22,23,24,25,26,27,28,29,30,31,32,33,34,35,36,37,38,39,40,41,42,43,44,45,46,47,48,49,50,51,52,53,54,55,56,57,58,59,60,61,62,63,64,65,66,67,68,69,70,71,72,73,74,75,76,77,78,79,80,81,82,83,84,85,86,87,88,89,90,91,92,93,94,95,96,97,98,99,100,101,102,103,104,105,106,107,108,109,110,111,112,113,114,115,116,117,118,119,120
0,48,12,4,1,3,4,1,2,0,0,0,18,22,7,6,5,5,0,5,0,4,3,15,12,9,7,6,8,6,3,3,5,1,15,14,8,11,4,2,3,7,4,4,3,7,8,5,7,8,6,5,6,10,8,5,5,4,4,3,11,7,8,8,11,6,8,4,4,7,12,3,5,9,5,7,11,8,2,8,2,7,11,6,1,12,7,8,11,4,3,4,5,6,8,11,4,12,9,9,2,1,4,10,6,13,3,10,10,12,4,3,3,4,6,5,7,8,12,5,10,12
,0,1,2,3,4,5,6,7,8,9,10,11,12,13,14,15,16,17,18,19,20,21,22,23,24,25,26,27,28,29,30,31,32,33,34,35,36,37,38,39,40,41,42,43,44,45,46,47,48,49,50,51,52,53,54,55,56,57,58,59,60,61,62,63,64,65,66,67,68,69,70,71,72,73,74,75,76,77,78,79,80,81,82,83,84,85,86,87,88,89,90,91,92,93,94,95,96,97,98,99,100,101,102,103,104,105,106,107,108,109,110,111,112,113,114,115,116,117,118,119,120
0,22,15,16,7,3,4,1,0,2,4,1,20,17,6,9,6,7,2,2,3,2,1,14,10,14,5,4,4,6,5,4,4,5,7,11,9,10,5,9,7,4,2,5,6,5,4,9,10,8,9,4,7,9,7,3,4,8,4,2,8,9,8,13,5,9,5,2,3,5,12,7,13,8,6,6,7,6,4,4,7,10,7,7,7,3,6,7,13,4,8,6,8,8,5,4,4,9,9,10,2,1,4,12,10,8,9,8,7,7,7,1,3,3,7,8,10,5,11,12,6,9
,0,1,2,3,4,5,6,7,8,9,10,11,12,13,14,15,16,17,18,19,20,21,22,23,24,25,26,27,28,29,30,31,32,33,34,35,36,37,38,39,40,41,42,43,44,45,46,47,48,49,50,51,52,53,54,55,56,57,58,59,60,61,62,63,64,65,66,67,68,69,70,71,72,73,74,75,76,77,78,79,80,81,82,83,84,85,86,87,88,89,90,91,92,93,94,95,96,97,98,99,100,101,102,103,104,105,106,107,108,109,110,111,112,113,114,115,116,117,118,119,120
0,19,12,14,7,8,4,2,4,2,1,2,16,13,11,7,5,4,4,3,5,1,6,10,6,4,11,7,6,6,7,8,8,2,8,4,11,6,6,3,6,7,6,10,8,10,7,5,4,9,6,14,6,1,7,6,6,7,7,6,4,6,8,7,9,7,8,6,7,5,12,6,3,4,10,7,6,9,7,7,6,4,12,7,7,7,4,3,11,6,11,8,6,5,6,8,4,6,6,9,1,5,3,6,4,9,9,6,10,11,11,6,4,4,8,5,5,6,11,8,7,11
,0,1,2,3,4,5,6,7,8,9,10,11,12,13,14,15,16,17,18,19,20,21,22,23,24,25,26,27,28,29,30,31,32,33,34,35,36,37,38,39,40,41,42,43,44,45,46,47,48,49,50,51,52,53,54,55,56,57,58,59,60,61,62,63,64,65,66,67,68,69,70,71,72,73,74,75,76,77,78,79,80,81,82,83,84,85,86,87,88,89,90,91,92,93,94,95,96,97,98,99,100,101,102,103,104,105,106,107,108,109,110,111,112,113,114,115,116,117,118,119,120
0,19,9,9,12,5,3,3,6,7,2,0,14,10,6,16,1,6,8,1,4,4,5,6,7,8,8,6,11,9,4,4,2,10,12,11,6,7,5,6,6,3,5,10,4,9,5,8,10,3,8,7,10,6,6,3,4,4,8,11,10,9,5,6,3,6,9,3,6,9,12,6,4,5,8,5,7,10,6,8,5,5,7,10,5,11,5,6,7,4,7,6,7,0,6,9,10,8,8,10,5,6,6,5,7,2,9,5,17,5,8,6,6,6,5,7,5,3,5,12,10,10
,0,1,2,3,4,5,6,7,8,9,10,11,12,13,14,15,16,17,18,19,20,21,22,23,24,25,26,27,28,29,30,31,32,33,34,35,36,37,38,39,40,41,42,43,44,45,46,47,48,49,50,51,52,53,54,55,56,57,58,59,60,61,62,63,64,65,66,67,68,69,70,71,72,73,74,75,76,77,78,79,80,81,82,83,84,85,86,87,88,89,90,91,92,93,94,95,96,97,98,99,100,101,102,103,104,105,106,107,108,109,110,111,112,113,114,115,116,117,118,119,120
0,14,8,7,6,5,9,7,7,2,9,1,10,18,7,7,8,5,1,3,4,7,5,9,17,8,6,2,7,3,6,6,6,5,6,12,6,7,7,11,4,9,3,5,5,6,14,4,4,5,9,6,8,3,8,8,9,8,6,11,6,7,6,7,4,4,7,10,13,5,6,5,7,6,4,7,6,6,5,9,11,4,7,8,6,8,6,5,6,5,3,10,8,9,1,6,8,4,6,15,4,5,10,14,2,3,11,7,8,6,5,6,4,5,0,4,12,10,9,6,7,12
,0,1,2,3,4,5,6,7,8,9,10,11,12,13,14,15,16,17,18,19,20,21,22,23,24,25,26,27,28,29,30,31,32,33,34,35,36,37,38,39,40,41,42,43,44,45,46,47,48,49,50,51,52,53,54,55,56,57,58,59,60,61,62,63,64,65,66,67,68,69,70,71,72,73,74,75,76,77,78,79,80,81,82,83,84,85,86,87,88,89,90,91,92,93,94,95,96,97,98,99,100,101,102,103,104,105,106,107,108,109,110,111,112,113,114,115,116,117,118,119,120
0,13,6,4,12,7,4,4,11,4,8,2,10,5,10,3,10,5,8,8,6,6,4,10,7,12,8,3,1,6,8,7,7,6,8,9,9,9,5,5,5,7,6,6,6,8,4,6,12,4,2,10,4,7,11,7,7,9,6,6,8,9,3,6,7,6,8,6,3,5,7,8,4,6,7,9,7,13,10,4,5,8,4,9,6,4,8,9,8,6,5,4,6,4,8,8,4,12,8,10,4,0,7,6,8,10,5,9,11,11,4,7,5,5,8,6,6,11,9,7,6,5
,0,1,2,3,4,5,6,7,8,9,10,11,12,13,14,15,16,17,18,19,20,21,22,23,24,25,26,27,28,29,30,31,32,33,34,35,36,37,38,39,40,41,42,43,44,45,46,47,48,49,50,51,52,53,54,55,56,57,58,59,60,61,62,63,64,65,66,67,68,69,70,71,72,73,74,75,76,77,78,79,80,81,82,83,84,85,86,87,88,89,90,91,92,93,94,95,96,97,98,99,100,101,102,103,104,105,106,107,108,109,110,111,112,113,114,115,116,117,118,119,120
0,9,9,10,7,2,3,10,9,6,6,4,9,5,12,6,4,7,11,4,6,4,7,7,8,7,5,7,11,5,8,2,11,4,8,5,7,8,4,8,6,7,9,5,8,11,6,2,9,6,6,7,6,8,7,7,5,5,12,4,8,4,8,4,5,11,9,7,4,4,4,9,4,6,10,8,9,10,7,6,6,3,8,5,11,12,7,7,3,6,5,8,8,9,7,5,10,3,6,8,5,8,9,6,10,3,6,7,6,9,6,6,4,6,6,5,7,3,12,11,5,10
,0,1,2,3,4,5,6,7,8,9,10,11,12,13,14,15,16,17,18,19,20,21,22,23,24,25,26,27,28,29,30,31,32,33,34,35,36,37,38,39,40,41,42,43,44,45,46,47,48,49,50,51,52,53,54,55,56,57,58,59,60,61,62,63,64,65,66,67,68,69,70,71,72,73,74,75,76,77,78,79,80,81,82,83,84,85,86,87,88,89,90,91,92,93,94,95,96,97,98,99,100,101,102,103,104,105,106,107,108,109,110,111,112,113,114,115,116,117,118,119,120
0,14,9,3,9,7,5,1,8,7,4,8,7,4,5,9,11,7,6,6,7,6,7,10,5,6,9,10,6,6,9,4,4,6,4,4,7,5,11,7,10,4,6,8,9,8,3,6,12,9,9,5,7,6,5,5,11,8,5,4,5,9,7,10,8,4,4,6,3,8,6,8,7,9,9,7,5,7,8,4,5,9,10,4,7,7,9,7,5,7,3,3,8,7,5,12,5,8,7,10,8,2,5,9,10,10,8,10,5,4,4,6,7,9,3,5,8,7,9,9,4,8
,0,1,2,3,4,5,6,7,8,9,10,11,12,13,14,15,16,17,18,19,20,21,22,23,24,25,26,27,28,29,30,31,32,33,34,35,36,37,38,39,40,41,42,43,44,45,46,47,48,49,50,51,52,53,54,55,56,57,58,59,60,61,62,63,64,65,66,67,68,69,70,71,72,73,74,75,76,77,78,79,80,81,82,83,84,85,86,87,88,89,90,91,92,93,94,95,96,97,98,99,100,101,102,103,104,105,106,107,108,109,110,111,112,113,114,115,116,117,118,119,120
0,10,11,8,8,5,3,6,5,7,6,6,5,8,5,8,5,7,13,4,7,7,6,6,10,8,4,6,10,6,7,11,4,3,6,5,9,4,10,7,7,9,6,5,7,8,5,10,8,10,5,4,5,9,6,5,7,11,5,10,4,7,4,8,5,8,6,11,10,8,9,6,7,7,4,4,3,6,2,10,7,6,6,10,3,8,8,8,7,9,3,6,8,5,10,6,8,5,7,8,7,2,9,4,9,7,7,10,5,8,7,5,7,4,3,4,3,6,8,11,14,10
,0,1,2,3,4,5,6,7,8,9,10,11,12,13,14,15,16,17,18,19,20,21,22,23,24,25,26,27,28,29,30,31,32,33,34,35,36,37,38,39,40,41,42,43,44,45,46,47,48,49,50,51,52,53,54,55,56,57,58,59,60,61,62,63,64,65,66,67,68,69,70,71,72,73,74,75,76,77,78,79,80,81,82,83,84,85,86,87,88,89,90,91,92,93,94,95,96,97,98,99,100,101,102,103,104,105,106,107,108,109,110,111,112,113,114,115,116,117,118,119,120
0,11,6,7,4,3,7,9,7,8,7,6,11,6,10,10,5,7,5,7,2,9,3,6,8,6,6,7,6,6,14,4,7,5,5,9,4,3,8,10,5,6,12,8,5,6,7,3,6,10,7,6,11,4,6,9,6,6,9,5,2,8,9,11,7,6,6,7,7,7,5,3,10,10,7,3,8,8,9,8,4,4,7,3,9,6,6,7,12,8,11,7,8,4,7,5,7,8,1,9,10,5,9,7,6,6,6,6,9,8,3,3,6,10,9,7,5,7,10,9,4,5
,0,1,2,3,4,5,6,7,8,9,10,11,12,13,14,15,16,17,18,19,20,21,22,23,24,25,26,27,28,29,30,31,32,33,34,35,36,37,38,39,40,41,42,43,44,45,46,47,48,49,50,51,52,53,54,55,56,57,58,59,60,61,62,63,64,65,66,67,68,69,70,71,72,73,74,75,76,77,78,79,80,81,82,83,84,85,86,87,88,89,90,91,92,93,94,95,96,97,98,99,100,101,102,103,104,105,106,107,108,109,110,111,112,113,114,115,116,117,118,119,120
0,9,7,8,9,7,6,3,6,7,6,7,6,7,6,5,6,6,11,9,9,7,3,10,3,6,13,8,7,6,8,2,3,9,5,5,5,5,9,8,13,4,11,5,5,9,5,7,12,7,4,5,3,10,8,5,7,6,6,9,4,12,5,7,3,10,6,4,9,7,8,11,6,1,12,3,6,8,4,7,10,6,8,8,6,11,7,6,2,7,6,10,5,7,9,7,5,5,6,8,8,6,8,8,3,6,8,7,7,4,10,0,7,5,11,5,7,10,1,9,10,10
,0,1,2,3,4,5,6,7,8,9,10,11,12,13,14,15,16,17,18,19,20,21,22,23,24,25,26,27,28,29,30,31,32,33,34,35,36,37,38,39,40,41,42,43,44,45,46,47,48,49,50,51,52,53,54,55,56,57,58,59,60,61,62,63,64,65,66,67,68,69,70,71,72,73,74,75,76,77,78,79,80,81,82,83,84,85,86,87,88,89,90,91,92,93,94,95,96,97,98,99,100,101,102,103,104,105,106,107,108,109,110,111,112,113,114,115,116,117,118,119,120
0,6,12,5,6,9,4,10,5,2,7,9,6,5,9,10,6,7,9,3,9,4,7,2,2,13,6,3,7,11,5,5,10,11,9,11,6,4,10,8,6,1,12,2,6,3,12,11,6,5,6,6,5,9,5,7,9,3,8,10,5,7,4,7,9,5,8,9,7,7,6,12,5,6,7,4,7,5,5,3,7,8,6,7,5,10,7,8,9,6,4,3,6,5,10,9,7,10,7,8,3,7,8,9,4,9,7,10,1,6,11,5,6,10,10,7,8,3,5,5,7,9
,0,1,2,3,4,5,6,7,8,9,10,11,12,13,14,15,16,17,18,19,20,21,22,23,24,25,26,27,28,29,30,31,32,33,34,35,36,37,38,39,40,41,42,43,44,45,46,47,48,49,50,51,52,53,54,55,56,57,58,59,60,61,62,63,64,65,66,67,68,69,70,71,72,73,74,75,76,77,78,79,80,81,82,83,84,85,86,87,88,89,90,91,92,93,94,95,96,97,98,99,100,101,102,103,104,105,106,107,108,109,110,111,112,113,114,115,116,117,118,119,120
0,8,9,6,3,8,6,6,7,12,3,7,4,8,6,10,10,8,6,6,5,7,5,6,12,7,4,9,8,7,9,3,5,5,7,14,7,3,7,6,7,4,7,3,10,10,8,6,7,13,3,4,8,6,4,6,8,3,6,14,6,4,10,7,7,5,5,4,4,9,4,7,13,5,10,5,10,4,6,6,8,5,6,2,11,8,7,7,9,4,11,8,2,7,5,12,5,10,7,4,9,6,11,4,2,8,11,7,7,5,5,6,6,10,2,7,8,7,11,9,6,3
,0,1,2,3,4,5,6,7,8,9,10,11,12,13,14,15,16,17,18,19,20,21,22,23,24,25,26,27,28,29,30,31,32,33,34,35,36,37,38,39,40,41,42,43,44,45,46,47,48,49,50,51,52,53,54,55,56,57,58,59,60,61,62,63,64,65,66,67,68,69,70,71,72,73,74,75,76,77,78,79,80,81,82,83,84,85,86,87,88,89,90,91,92,93,94,95,96,97,98,99,100,101,102,103,104,105,106,107,108,109,110,111,112,113,114,115,116,117,118,119,120
0,8,8,6,7,7,8,8,6,4,6,7,4,6,11,9,7,1,9,9,4,7,8,7,8,9,6,5,8,6,4,5,9,8,11,4,8,6,6,10,8,6,5,8,3,7,5,7,8,6,6,9,5,6,11,5,10,7,6,7,5,9,10,5,4,6,6,7,1,9,8,8,6,7,12,3,5,9,6,12,4,3,10,4,8,9,3,6,10,8,5,6,2,9,11,4,7,8,8,7,5,3,9,12,5,11,6,10,3,4,7,4,7,10,6,9,6,8,7,6,7,5
,0,1,2,3,4,5,6,7,8,9,10,11,12,13,14,15,16,17,18,19,20,21,22,23,24,25,26,27,28,29,30,31,32,33,34,35,36,37,38,39,40,41,42,43,44,45,46,47,48,49,50,51,52,53,54,55,56,57,58,59,60,61,62,63,64,65,66,67,68,69,70,71,72,73,74,75,76,77,78,79,80,81,82,83,84,85,86,87,88,89,90,91,92,93,94,95,96,97,98,99,100,101,102,103,104,105,106,107,108,109,110,111,112,113,114,115,116,117,118,119,120
0,2,6,9,2,4,9,9,7,8,6,13,7,9,8,3,9,5,6,10,5,4,9,5,7,8,3,4,4,8,10,10,9,7,9,8,8,6,9,7,4,9,4,5,6,7,8,10,5,5,4,6,4,11,8,7,11,3,6,13,1,5,5,8,2,11,10,7,12,4,5,8,9,9,4,3,4,10,7,7,3,3,6,8,8,8,8,6,11,5,4,12,9,8,5,4,5,7,6,10,6,6,6,4,5,11,4,9,3,12,9,7,2,8,11,8,4,14,5,7,3,6
,0,1,2,3,4,5,6,7,8,9,10,11,12,13,14,15,16,17,18,19,20,21,22,23,24,25,26,27,28,29,30,31,32,33,34,35,36,37,38,39,40,41,42,43,44,45,46,47,48,49,50,51,52,53,54,55,56,57,58,59,60,61,62,63,64,65,66,67,68,69,70,71,72,73,74,75,76,77,78,79,80,81,82,83,84,85,86,87,88,89,90,91,92,93,94,95,96,97,98,99,100,101,102,103,104,105,106,107,108,109,110,111,112,113,114,115,116,117,118,119,120
0,7,8,6,8,9,8,3,4,7,10,5,9,4,9,4,8,15,5,8,6,3,4,6,5,6,5,7,2,13,5,8,9,9,4,5,11,8,4,9,8,4,8,4,10,12,5,4,9,8,1,1,9,9,8,9,8,13,5,8,8,1,9,9,5,4,5,5,13,4,7,4,6,3,11,7,4,11,10,5,5,9,8,6,8,8,8,5,3,7,9,7,6,10,4,5,8,4,13,2,4,6,7,6,8,8,8,10,6,9,3,4,4,9,9,7,10,4,7,6,8,7
,0,1,2,3,4,5,6,7,8,9,10,11,12,13,14,15,16,17,18,19,20,21,22,23,24,25,26,27,28,29,30,31,32,33,34,35,36,37,38,39,40,41,42,43,44,45,46,47,48,49,50,51,52,53,54,55,56,57,58,59,60,61,62,63,64,65,66,67,68,69,70,71,72,73,74,75,76,77,78,79,80,81,82,83,84,85,86,87,88,89,90,91,92,93,94,95,96,97,98,99,100,101,102,103,104,105,106,107,108,109,110,111,112,113,114,115,116,117,118,119,120
0,5,9,8,8,6,1,8,9,7,9,5,5,5,9,10,4,3,11,9,4,8,7,5,7,4,14,7,5,8,3,11,4,7,7,6,6,6,5,10,8,7,7,5,8,7,8,8,8,2,2,8,4,8,7,13,3,7,8,11,7,9,5,7,8,7,3,11,6,7,10,3,4,6,8,11,3,6,3,5,10,9,5,6,6,8,9,8,6,7,4,8,8,8,7,8,5,9,9,2,1,3,9,5,3,7,12,7,10,9,9,8,9,12,7,3,7,6,5,6,7,5
,0,1,2,3,4,5,6,7,8,9,10,11,12,13,14,15,16,17,18,19,20,21,22,23,24,25,26,27,28,29,30,31,32,33,34,35,36,37,38,39,40,41,42,43,44,45,46,47,48,49,50,51,52,53,54,55,56,57,58,59,60,61,62,63,64,65,66,67,68,69,70,71,72,73,74,75,76,77,78,79,80,81,82,83,84,85,86,87,88,89,90,91,92,93,94,95,96,97,98,99,100,101,102,103,104,105,106,107,108,109,110,111,112,113,114,115,116,117,118,119,120
0,5,4,4,4,4,7,14,7,4,13,9,5,5,6,6,10,5,13,8,6,9,2,6,4,14,4,8,4,9,9,7,4,6,6,9,4,3,12,7,7,8,4,9,6,5,8,4,4,5,9,3,8,17,6,6,11,6,5,4,9,5,9,7,3,6,10,10,3,8,15,9,8,2,4,1,7,8,7,6,8,4,7,10,9,7,6,7,4,6,5,5,9,9,5,9,5,4,10,8,6,9,4,7,7,2,9,11,4,10,6,6,10,9,8,2,11,4,4,6,9,6
,0,1,2,3,4,5,6,7,8,9,10,11,12,13,14,15,16,17,18,19,20,21,22,23,24,25,26,27,28,29,30,31,32,33,34,35,36,37,38,39,40,41,42,43,44,45,46,47,48,49,50,51,52,53,54,55,56,57,58,59,60,61,62,63,64,65,66,67,68,69,70,71,72,73,74,75,76,77,78,79,80,81,82,83,84,85,86,87,88,89,90,91,92,93,94,95,96,97,98,99,100,101,102,103,104,105,106,107,108,109,110,111,112,113,114,115,116,117,118,119,120
0,6,6,4,7,7,8,9,9,4,4,11,8,8,8,6,3,12,8,4,3,9,6,5,4,9,7,7,6,6,11,6,4,10,11,4,6,5,7,7,7,12,4,5,7,6,8,5,7,6,10,6,5,7,7,8,6,7,9,5,4,6,11,9,4,6,8,4,5,8,12,5,6,8,11,2,7,7,8,5,6,9,4,5,8,11,5,7,7,2,11,10,1,5,9,3,12,6,10,6,1,8,11,6,11,7,10,7,6,3,5,4,7,6,11,8,4,3,7,10,4,11
,0,1,2,3,4,5,6,7,8,9,10,11,12,13,14,15,16,17,18,19,20,21,22,23,24,25,26,27,28,29,30,31,32,33,34,35,36,37,38,39,40,41,42,43,44,45,46,47,48,49,50,51,52,53,54,55,56,57,58,59,60,61,62,63,64,65,66,67,68,69,70,71,72,73,74,75,76,77,78,79,80,81,82,83,84,85,86,87,88,89,90,91,92,93,94,95,96,97,98,99,100,101,102,103,104,105,106,107,108,109,110,111,112,113,114,115,116,117,118,119,120
0,71,4,0,0,0,0,0,0,0,0,0,3,56,14,2,0,0,0,0,0,0,0,0,16,38,15,3,3,0,0,0,0,0,0,4,20,25,17,7,0,2,0,0,0,0,1,0,25,25,16,4,4,0,0,0,0,0,0,6,18,20,15,11,3,1,1,0,0,0,2,8,12,24,13,5,8,3,0,0,0,0,6,5,19,15,10,13,7,0,0,0,0,3,2,11,15,18,13,13,0,0,0,0,1,1,8,4,14,26,21,0,0,0,0,0,0,6,7,7,19,36
,0,1,2,3,4,5,6,7,8,9,10,11,12,13,14,15,16,17,18,19,20,21,22,23,24,25,26,27,28,29,30,31,32,33,34,35,36,37,38,39,40,41,42,43,44,45,46,47,48,49,50,51,52,53,54,55,56,57,58,59,60,61,62,63,64,65,66,67,68,69,70,71,72,73,74,75,76,77,78,79,80,81,82,83,84,85,86,87,88,89,90,91,92,93,94,95,96,97,98,99,100,101,102,103,104,105,106,107,108,109,110,111,112,113,114,115,116,117,118,119,120
0,62,13,0,0,0,0,0,0,0,0,0,16,42,14,3,0,0,0,0,0,0,0,0,17,36,18,4,0,0,0,0,0,0,0,1,22,22,19,5,3,2,1,0,0,0,0,6,13,23,14,12,5,1,1,0,0,0,3,5,24,12,10,7,7,5,2,0,0,2,4,10,12,19,8,8,5,7,0,0,0,0,5,8,12,13,13,19,5,0,0,0,0,0,5,8,12,13,20,17,0,0,0,0,1,2,10,8,15,20,19,0,0,0,0,1,1,5,8,15,22,23
,0,1,2,3,4,5,6,7,8,9,10,11,12,13,14,15,16,17,18,19,20,21,22,23,24,25,26,27,28,29,30,31,32,33,34,35,36,37,38,39,40,41,42,43,44,45,46,47,48,49,50,51,52,53,54,55,56,57,58,59,60,61,62,63,64,65,66,67,68,69,70,71,72,73,74,75,76,77,78,79,80,81,82,83,84,85,86,87,88,89,90,91,92,93,94,95,96,97,98,99,100,101,102,103,104,105,106,107,108,109,110,111,112,113,114,115,116,117,118,119,120
0,56,14,5,0,0,0,0,0,0,0,0,16,27,20,9,1,1,1,0,0,0,0,5,20,23,16,9,0,2,0,0,0,0,1,10,19,18,13,6,3,5,0,0,0,0,3,11,13,22,9,10,5,1,0,1,0,0,3,7,10,13,15,16,6,2,3,0,0,0,5,12,12,19,9,8,5,5,0,0,0,4,8,12,12,10,17,7,5,0,0,0,1,3,4,8,19,17,10,13,0,0,0,0,2,3,2,7,9,26,26,0,0,0,0,1,4,7,5,12,29,17
,0,1,2,3,4,5,6,7,8,9,10,11,12,13,14,15,16,17,18,19,20,21,22,23,24,25,26,27,28,29,30,31,32,33,34,35,36,37,38,39,40,41,42,43,44,45,46,47,48,49,50,51,52,53,54,55,56,57,58,59,60,61,62,63,64,65,66,67,68,69,70,71,72,73,74,75,76,77,78,79,80,81,82,83,84,85,86,87,88,89,90,91,92,93,94,95,96,97,98,99,100,101,102,103,104,105,106,107,108,109,110,111,112,113,114,115,116,117,118,119,120
0,53,14,5,2,0,1,0,0,0,0,0,27,27,13,7,1,0,0,0,0,0,0,8,16,25,10,8,6,2,0,0,0,0,0,2,17,17,13,12,6,3,2,2,1,2,0,7,12,12,10,15,13,0,3,1,1,0,9,8,13,11,12,7,6,3,5,0,0,5,11,8,6,17,11,8,6,3,0,0,1,2,3,14,9,10,11,10,15,0,0,0,0,4,4,11,16,10,15,15,0,0,0,1,1,4,7,9,8,28,17,0,0,0,0,0,2,10,4,11,13,35
,0,1,2,3,4,5,6,7,8,9,10,11,12,13,14,15,16,17,18,19,20,21,22,23,24,25,26,27,28,29,30,31,32,33,34,35,36,37,38,39,40,41,42,43,44,45,46,47,48,49,50,51,52,53,54,55,56,57,58,59,60,61,62,63,64,65,66,67,68,69,70,71,72,73,74,75,76,77,78,79,80,81,82,83,84,85,86,87,88,89,90,91,92,93,94,95,96,97,98,99,100,101,102,103,104,105,106,107,108,109,110,111,112,113,114,115,116,117,118,119,120
0,38,22,5,6,1,1,2,0,0,0,0,19,19,12,12,8,3,1,1,0,0,0,14,12,20,6,10,6,3,1,2,1,0,4,9,9,14,7,12,10,4,5,0,1,1,9,13,8,14,9,5,8,3,2,3,1,2,7,11,7,10,9,8,7,8,5,0,1,7,6,2,8,13,17,6,5,10,0,2,1,6,5,8,8,12,8,11,14,0,0,2,6,3,2,13,11,7,17,14,0,0,0,0,3,6,10,8,18,17,13,0,0,1,1,3,3,7,9,10,19,22
,0,1,2,3,4,5,6,7,8,9,10,11,12,13,14,15,16,17,18,19,20,21,22,23,24,25,26,27,28,29,30,31,32,33,34,35,36,37,38,39,40,41,42,43,44,45,46,47,48,49,50,51,52,53,54,55,56,57,58,59,60,61,62,63,64,65,66,67,68,69,70,71,72,73,74,75,76,77,78,79,80,81,82,83,84,85,86,87,88,89,90,91,92,93,94,95,96,97,98,99,100,101,102,103,104,105,106,107,108,109,110,111,112,113,114,115,116,117,118,119,120
0,27,27,9,7,1,2,1,1,0,0,0,27,18,8,9,4,2,5,0,0,1,1,16,8,20,11,7,5,3,4,1,0,0,7,7,15,11,12,7,9,4,2,1,0,8,7,10,12,12,7,5,3,4,5,2,0,4,6,6,7,13,11,11,6,4,7,1,3,4,8,7,9,14,8,7,10,4,0,2,2,5,6,7,12,18,9,4,10,0,1,0,3,5,4,4,8,17,19,14,0,0,2,0,3,2,10,11,18,16,13,0,0,1,0,3,4,6,15,14,14,18
,0,1,2,3,4,5,6,7,8,9,10,11,12,13,14,15,16,17,18,19,20,21,22,23,24,25,26,27,28,29,30,31,32,33,34,35,36,37,38,39,40,41,42,43,44,45,46,47,48,49,50,51,52,53,54,55,56,57,58,59,60,61,62,63,64,65,66,67,68,69,70,71,72,73,74,75,76,77,78,79,80,81,82,83,84,85,86,87,88,89,90,91,92,93,94,95,96,97,98,99,100,101,102,103,104,105,106,107,108,109,110,111,112,113,114,115,116,117,118,119,120
0,32,15,11,4,2,6,3,0,0,2,0,16,20,12,14,2,5,1,2,2,1,0,18,14,8,10,4,7,7,2,3,1,1,4,10,6,9,11,8,9,7,7,3,1,4,8,7,12,6,10,9,4,7,4,4,1,7,9,11,9,8,2,9,6,6,7,2,4,2,4,9,11,8,10,11,11,3,1,0,4,3,3,5,8,20,10,8,13,0,1,1,4,2,4,16,9,10,10,18,3,0,2,2,2,7,5,6,13,15,20,1,0,1,2,2,1,7,12,11,18,20
,0,1,2,3,4,5,6,7,8,9,10,11,12,13,14,15,16,17,18,19,20,21,22,23,24,25,26,27,28,29,30,31,32,33,34,35,36,37,38,39,40,41,42,43,44,45,46,47,48,49,50,51,52,53,54,55,56,57,58,59,60,61,62,63,64,65,66,67,68,69,70,71,72,73,74,75,76,77,78,79,80,81,82,83,84,85,86,87,88,89,90,91,92,93,94,95,96,97,98,99,100,101,102,103,104,105,106,107,108,109,110,111,112,113,114,115,116,117,118,119,120
0,30,13,7,10,5,3,2,0,1,1,3,22,11,15,8,11,2,2,3,0,1,0,16,10,8,7,8,9,4,5,3,3,2,6,16,6,12,6,4,6,5,6,3,5,6,3,8,11,9,10,8,3,6,4,7,3,7,6,6,6,9,7,11,6,3,11,3,5,6,4,5,10,5,10,10,10,7,2,5,4,3,5,2,5,11,7,14,17,3,2,1,4,6,9,9,8,8,8,17,0,2,2,6,1,7,12,7,12,15,11,1,2,5,2,2,2,9,5,11,22,14
,0,1,2,3,4,5,6,7,8,9,10,11,12,13,14,15,16,17,18,19,20,21,22,23,24,25,26,27,28,29,30,31,32,33,34,35,36,37,38,39,40,41,42,43,44,45,46,47,48,49,50,51,52,53,54,55,56,57,58,59,60,61,62,63,64,65,66,67,68,69,70,71,72,73,74,75,76,77,78,79,80,81,82,83,84,85,86,87,88,89,90,91,92,93,94,95,96,97,98,99,100,101,102,103,104,105,106,107,108,109,110,111,112,113,114,115,116,117,118,119,120
0,32,14,6,7,4,4,4,0,3,1,0,20,10,10,5,11,6,4,6,2,1,0,20,8,8,4,6,7,3,3,7,4,5,9,8,12,7,3,6,2,9,4,7,8,7,9,4,3,4,6,10,11,7,8,6,5,11,8,4,10,9,2,10,5,4,7,7,5,6,5,4,8,4,8,13,8,7,2,3,1,7,11,1,7,12,6,11,14,0,4,4,4,4,10,10,6,11,11,11,0,6,2,5,5,6,8,9,9,17,8,3,2,2,3,4,7,10,5,9,18,12
,0,1,2,3,4,5,6,7,8,9,10,11,12,13,14,15,16,17,18,19,20,21,22,23,24,25,26,27,28,29,30,31,32,33,34,35,36,37,38,39,40,41,42,43,44,45,46,47,48,49,50,51,52,53,54,55,56,57,58,59,60,61,62,63,64,65,66,67,68,69,70,71,72,73,74,75,76,77,78,79,80,81,82,83,84,85,86,87,88,89,90,91,92,93,94,95,96,97,98,99,100,101,102,103,104,105,106,107,108,109,110,111,112,113,114,115,116,117,118,119,120
0,21,25,6,6,3,7,4,0,0,2,1,19,15,5,8,9,3,2,2,5,3,4,19,16,5,3,7,8,6,8,2,0,1,16,6,11,8,10,7,2,3,4,5,3,8,9,5,6,3,8,10,7,5,7,7,10,10,7,8,6,8,3,11,1,3,8,5,4,11,5,9,9,6,5,5,8,8,4,6,4,3,3,9,9,13,8,7,9,4,3,8,8,6,9,4,4,4,13,12,3,3,2,1,0,2,6,13,14,12,19,3,1,2,5,5,5,3,9,10,19,13
,0,1,2,3,4,5,6,7,8,9,10,11,12,13,14,15,16,17,18,19,20,21,22,23,24,25,26,27,28,29,30,31,32,33,34,35,36,37,38,39,40,41,42,43,44,45,46,47,48,49,50,51,52,53,54,55,56,57,58,59,60,61,62,63,64,65,66,67,68,69,70,71,72,73,74,75,76,77,78,79,80,81,82,83,84,85,86,87,88,89,90,91,92,93,94,95,96,97,98,99,100,101,102,103,104,105,106,107,108,109,110,111,112,113,114,115,116,117,118,119,120
0,22,11,6,11,7,4,6,3,2,3,0,13,16,9,9,6,2,6,4,5,3,2,10,7,7,9,7,2,11,6,4,5,7,12,2,11,11,13,6,7,1,3,4,5,7,4,3,7,8,9,9,4,10,7,7,7,5,4,8,5,9,8,6,7,9,7,8,10,8,5,4,7,4,3,9,11,6,9,9,6,7,6,5,6,5,11,8,3,4,6,7,4,5,6,5,2,12,9,15,3,5,4,5,7,1,5,10,10,12,13,0,2,4,5,6,9,6,9,9,8,17
,0,1,2,3,4,5,6,7,8,9,10,11,12,13,14,15,16,17,18,19,20,21,22,23,24,25,26,27,28,29,30,31,32,33,34,35,36,37,38,39,40,41,42,43,44,45,46,47,48,49,50,51,52,53,54,55,56,57,58,59,60,61,62,63,64,65,66,67,68,69,70,71,72,73,74,75,76,77,78,79,80,81,82,83,84,85,86,87,88,89,90,91,92,93,94,95,96,97,98,99,100,101,102,103,104,105,106,107,108,109,110,111,112,113,114,115,116,117,118,119,120
0,15,11,11,6,9,7,2,4,2,2,6,11,10,10,5,7,4,7,3,7,7,4,7,10,11,12,7,5,2,6,8,3,4,8,8,17,5,5,10,4,4,2,6,6,8,8,10,8,4,7,6,1,5,8,10,10,5,3,4,14,4,10,2,7,9,7,8,8,4,4,7,5,9,13,7,9,1,6,2,2,5,2,6,9,8,16,5,14,1,4,1,4,6,12,9,8,9,9,12,3,2,4,7,7,5,7,10,11,12,7,1,4,9,5,5,9,5,4,15,8,10
,0,1,2,3,4,5,6,7,8,9,10,11,12,13,14,15,16,17,18,19,20,21,22,23,24,25,26,27,28,29,30,31,32,33,34,35,36,37,38,39,40,41,42,43,44,45,46,47,48,49,50,51,52,53,54,55,56,57,58,59,60,61,62,63,64,65,66,67,68,69,70,71,72,73,74,75,76,77,78,79,80,81,82,83,84,85,86,87,88,89,90,91,92,93,94,95,96,97,98,99,100,101,102,103,104,105,106,107,108,109,110,111,112,113,114,115,116,117,118,119,120
0,15,12,8,6,8,6,1,10,5,3,1,17,13,9,4,10,1,6,7,2,3,3,12,11,8,6,2,4,7,9,4,8,4,6,7,13,5,6,3,8,7,10,5,5,7,9,7,3,9,6,11,3,8,9,3,2,8,4,8,6,6,9,11,7,2,12,5,7,3,5,5,6,7,6,7,12,12,2,5,7,5,10,6,6,9,6,9,10,9,7,6,4,7,6,13,4,4,8,7,2,5,4,2,4,6,9,10,4,15,14,6,3,6,10,4,6,8,5,7,9,11
,0,1,2,3,4,5,6,7,8,9,10,11,12,13,14,15,16,17,18,19,20,21,22,23,24,25,26,27,28,29,30,31,32,33,34,35,36,37,38,39,40,41,42,43,44,45,46,47,48,49,50,51,52,53,54,55,56,57,58,59,60,61,62,63,64,65,66,67,68,69,70,71,72,73,74,75,76,77,78,79,80,81,82,83,84,85,86,87,88,89,90,91,92,93,94,95,96,97,98,99,100,101,102,103,104,105,106,107,108,109,110,111,112,113,114,115,116,117,118,119,120
0,19,5,11,8,5,6,2,6,5,3,5,4,9,5,8,11,8,8,5,6,5,6,9,10,15,4,4,6,7,4,2,4,10,11,2,4,7,6,7,8,12,10,3,5,10,5,5,7,2,8,11,5,7,8,7,5,4,7,7,5,8,10,10,6,4,9,9,7,6,9,9,5,6,11,4,6,3,9,6,6,8,5,6,4,9,8,7,7,6,4,8,3,4,3,5,9,8,10,15,2,7,5,4,4,9,7,11,6,11,9,9,7,7,6,4,8,6,8,6,5,9
,0,1,2,3,4,5,6,7,8,9,10,11,12,13,14,15,16,17,18,19,20,21,22,23,24,25,26,27,28,29,30,31,32,33,34,35,36,37,38,39,40,41,42,43,44,45,46,47,48,49,50,51,52,53,54,55,56,57,58,59,60,61,62,63,64,65,66,67,68,69,70,71,72,73,74,75,76,77,78,79,80,81,82,83,84,85,86,87,88,89,90,91,92,93,94,95,96,97,98,99,100,101,102,103,104,105,106,107,108,109,110,111,112,113,114,115,116,117,118,119,120
0,11,8,9,8,0,8,6,10,4,5,6,12,6,9,10,6,7,5,5,5,9,1,5,10,9,5,7,2,7,9,6,6,9,8,7,5,5,10,7,7,12,4,4,6,6,5,17,6,5,6,5,10,5,6,4,8,6,11,5,7,2,9,8,6,10,3,5,9,10,7,6,4,5,11,5,8,5,5,5,5,3,9,11,8,8,12,5,4,3,3,5,5,6,8,12,9,11,7,6,4,7,6,10,7,7,8,3,6,9,8,4,5,5,7,6,7,8,5,11,4,13
,0,1,2,3,4,5,6,7,8,9,10,11,12,13,14,15,16,17,18,19,20,21,22,23,24,25,26,27,28,29,30,31,32,33,34,35,36,37,38,39,40,41,42,43,44,45,46,47,48,49,50,51,52,53,54,55,56,57,58,59,60,61,62,63,64,65,66,67,68,69,70,71,72,73,74,75,76,77,78,79,80,81,82,83,84,85,86,87,88,89,90,91,92,93,94,95,96,97,98,99,100,101,102,103,104,105,106,107,108,109,110,111,112,113,114,115,116,117,118,119,120
0,7,7,11,10,4,6,7,7,9,5,2,8,8,7,4,11,7,8,6,6,5,5,5,9,5,9,8,7,6,6,8,5,7,10,8,10,6,7,4,3,9,10,2,6,5,6,13,3,4,2,8,8,9,9,8,8,6,11,7,8,9,3,1,6,11,5,5,8,7,7,6,6,6,9,9,4,8,10,14,4,5,3,6,3,5,11,7,7,9,3,7,11,7,6,3,8,10,6,5,6,6,8,5,7,3,5,10,3,11,11,7,5,4,12,6,4,6,6,12,5,8
,0,1,2,3,4,5,6,7,8,9,10,11,12,13,14,15,16,17,18,19,20,21,22,23,24,25,26,27,28,29,30,31,32,33,34,35,36,37,38,39,40,41,42,43,44,45,46,47,48,49,50,51,52,53,54,55,56,57,58,59,60,61,62,63,64,65,66,67,68,69,70,71,72,73,74,75,76,77,78,79,80,81,82,83,84,85,86,87,88,89,90,91,92,93,94,95,96,97,98,99,100,101,102,103,104,105,106,107,108,109,110,111,112,113,114,115,116,117,118,119,120
0,14,10,7,7,7,7,6,4,2,5,6,5,6,10,7,5,8,9,5,5,7,8,12,12,4,8,9,2,8,7,4,4,5,9,10,8,6,8,7,8,5,7,3,4,11,5,5,3,5,9,9,7,11,6,4,6,7,8,7,11,9,5,7,3,5,7,8,8,3,10,3,10,8,7,3,6,9,9,7,5,11,5,9,5,5,9,6,4,9,5,10,8,6,10,4,6,7,4,6,3,9,10,3,7,6,7,7,8,8,7,9,8,8,6,5,5,8,5,8,7,6
,0,1,2,3,4,5,6,7,8,9,10,11,12,13,14,15,16,17,18,19,20,21,22,23,24,25,26,27,28,29,30,31,32,33,34,35,36,37,38,39,40,41,42,43,44,45,46,47,48,49,50,51,52,53,54,55,56,57,58,59,60,61,62,63,64,65,66,67,68,69,70,71,72,73,74,75,76,77,78,79,80,81,82,83,84,85,86,87,88,89,90,91,92,93,94,95,96,97,98,99,100,101,102,103,104,105,106,107,108,109,110,111,112,113,114,115,116,117,118,119,120
0,4,12,7,9,5,5,8,3,9,7,6,5,9,6,8,10,3,7,9,9,6,3,6,5,9,7,6,10,7,7,6,8,4,14,5,6,11,8,7,5,4,6,4,5,7,8,4,7,6,6,8,8,9,7,5,7,3,4,9,7,7,5,9,10,10,4,3,10,3,5,14,3,6,11,6,6,8,5,11,6,7,3,8,9,7,7,5,7,5,9,4,10,8,6,4,5,12,8,4,4,9,7,5,6,7,10,6,5,6,10,7,2,4,10,3,9,9,10,8,3,10
,0,1,2,3,4,5,6,7,8,9,10,11,12,13,14,15,16,17,18,19,20,21,22,23,24,25,26,27,28,29,30,31,32,33,34,35,36,37,38,39,40,41,42,43,44,45,46,47,48,49,50,51,52,53,54,55,56,57,58,59,60,61,62,63,64,65,66,67,68,69,70,71,72,73,74,75,76,77,78,79,80,81,82,83,84,85,86,87,88,89,90,91,92,93,94,95,96,97,98,99,100,101,102,103,104,105,106,107,108,109,110,111,112,113,114,115,116,117,118,119,120
0,6,10,8,5,4,6,5,15,7,4,5,6,5,6,9,7,7,4,6,7,6,12,5,8,4,8,8,4,10,6,5,11,6,6,7,6,10,5,3,6,17,3,9,3,6,4,3,8,2,9,8,8,11,9,7,4,5,5,4,9,6,6,9,8,14,5,6,8,6,3,4,4,11,9,7,9,8,7,11,7,5,7,5,10,5,2,11,5,7,7,2,7,7,3,14,6,5,6,11,2,6,8,9,12,8,5,7,2,7,9,2,6,4,7,8,7,10,5,8,14,4
,0,1,2,3,4,5,6,7,8,9,10,11,12,13,14,15,16,17,18,19,20,21,22,23,24,25,26,27,28,29,30,31,32,33,34,35,36,37,38,39,40,41,42,43,44,45,46,47,48,49,50,51,52,53,54,55,56,57,58,59,60,61,62,63,64,65,66,67,68,69,70,71,72,73,74,75,76,77,78,79,80,81,82,83,84,85,86,87,88,89,90,91,92,93,94,95,96,97,98,99,100,101,102,103,104,105,106,107,108,109,110,111,112,113,114,115,116,117,118,119,120
0,11,5,11,5,6,7,8,5,6,7,4,7,6,5,7,8,7,6,6,6,6,11,9,8,9,7,1,7,8,8,7,7,4,11,5,5,6,3,6,9,6,7,9,8,5,10,9,5,8,4,6,6,7,10,5,6,3,5,7,9,7,1,13,10,10,4,10,9,7,8,4,4,8,6,7,7,5,6,10,4,6,5,10,5,4,3,10,12,4,8,4,5,6,11,6,7,8,7,9,11,7,8,8,7,5,2,4,6,8,9,6,5,7,11,13,9,3,5,6,5,5
,0,1,2,3,4,5,6,7,8,9,10,11,12,13,14,15,16,17,18,19,20,21,22,23,24,25,26,27,28,29,30,31,32,33,34,35,36,37,38,39,40,41,42,43,44,45,46,47,48,49,50,51,52,53,54,55,56,57,58,59,60,61,62,63,64,65,66,67,68,69,70,71,72,73,74,75,76,77,78,79,80,81,82,83,84,85,86,87,88,89,90,91,92,93,94,95,96,97,98,99,100,101,102,103,104,105,106,107,108,109,110,111,112,113,114,115,116,117,118,119,120
0,5,12,8,11,8,6,4,4,8,5,4,7,7,7,5,6,9,12,7,7,3,5,6,8,9,8,3,6,6,11,8,9,1,12,5,10,4,5,3,12,6,8,7,3,5,9,7,7,2,5,11,8,11,5,5,10,5,9,5,2,9,6,10,10,3,6,12,5,10,6,5,7,7,6,5,5,7,5,9,9,6,6,8,4,10,6,4,8,6,5,5,13,5,10,11,6,5,6,3,5,7,8,6,4,8,5,8,8,9,7,4,6,4,6,9,7,7,6,9,9,8
,0,1,2,3,4,5,6,7,8,9,10,11,12,13,14,15,16,17,18,19,20,21,22,23,24,25,26,27,28,29,30,31,32,33,34,35,36,37,38,39,40,41,42,43,44,45,46,47,48,49,50,51,52,53,54,55,56,57,58,59,60,61,62,63,64,65,66,67,68,69,70,71,72,73,74,75,76,77,78,79,80,81,82,83,84,85,86,87,88,89,90,91,92,93,94,95,96,97,98,99,100,101,102,103,104,105,106,107,108,109,110,111,112,113,114,115,116,117,118,119,120
0,11,20,5,14,2,2,3,6,3,2,7,10,12,3,12,5,9,9,2,2,4,7,11,6,8,8,4,4,6,6,5,10,7,11,16,2,13,6,8,7,1,2,4,5,6,7,2,7,10,6,5,7,11,5,9,4,8,3,2,3,5,7,9,12,11,11,6,5,5,5,9,5,9,5,8,10,8,2,6,7,2,9,6,7,7,12,10,7,3,3,4,1,7,3,7,12,11,17,7,4,4,5,2,7,4,8,6,12,14,9,2,1,6,7,10,8,2,9,7,8,15
,0,1,2,3,4,5,6,7,8,9,10,11,12,13,14,15,16,17,18,19,20,21,22,23,24,25,26,27,28,29,30,31,32,33,34,35,36,37,38,39,40,41,42,43,44,45,46,47,48,49,50,51,52,53,54,55,56,57,58,59,60,61,62,63,64,65,66,67,68,69,70,71,72,73,74,75,76,77,78,79,80,81,82,83,84,85,86,87,88,89,90,91,92,93,94,95,96,97,98,99,100,101,102,103,104,105,106,107,108,109,110,111,112,113,114,115,116,117,118,119,120
0,16,14,9,7,10,2,5,2,2,2,6,8,10,6,13,9,3,7,4,3,6,6,8,7,2,5,10,11,6,10,5,5,6,10,13,6,6,9,4,3,7,5,8,4,10,9,10,14,9,6,3,5,5,2,2,3,4,9,3,7,6,6,5,13,10,9,15,9,7,7,3,5,7,0,7,9,6,2,4,5,7,7,10,8,5,11,4,12,6,4,4,6,3,9,8,6,12,7,10,4,5,6,2,7,8,5,9,10,6,13,2,4,6,7,2,6,6,6,13,8,15
,0,1,2,3,4,5,6,7,8,9,10,11,12,13,14,15,16,17,18,19,20,21,22,23,24,25,26,27,28,29,30,31,32,33,34,35,36,37,38,39,40,41,42,43,44,45,46,47,48,49,50,51,52,53,54,55,56,57,58,59,60,61,62,63,64,65,66,67,68,69,70,71,72,73,74,75,76,77,78,79,80,81,82,83,84,85,86,87,88,89,90,91,92,93,94,95,96,97,98,99,100,101,102,103,104,105,106,107,108,109,110,111,112,113,114,115,116,117,118,119,120
0,17,11,9,6,4,4,5,9,6,3,1,9,10,11,7,9,3,4,5,7,7,3,11,4,12,6,7,12,9,3,3,4,4,6,14,6,10,4,6,2,3,8,6,10,6,9,8,4,4,9,9,7,10,3,6,7,5,15,6,5,8,5,6,5,6,7,10,8,12,8,2,5,9,4,3,5,9,6,5,4,7,5,13,6,4,5,8,12,5,7,6,6,9,6,10,7,6,5,8,3,5,2,7,4,4,5,14,7,12,12,3,7,2,4,5,8,7,12,4,11,12
,0,1,2,3,4,5,6,7,8,9,10,11,12,13,14,15,16,17,18,19,20,21,22,23,24,25,26,27,28,29,30,31,32,33,34,35,36,37,38,39,40,41,42,43,44,45,46,47,48,49,50,51,52,53,54,55,56,57,58,59,60,61,62,63,64,65,66,67,68,69,70,71,72,73,74,75,76,77,78,79,80,81,82,83,84,85,86,87,88,89,90,91,92,93,94,95,96,97,98,99,100,101,102,103,104,105,106,107,108,109,110,111,112,113,114,115,116,117,118,119,120
0,10,7,13,9,5,3,5,6,6,8,3,12,9,11,8,9,7,6,2,4,1,6,6,13,6,9,6,7,5,5,4,5,9,14,8,7,9,5,6,5,3,4,4,10,5,7,8,4,7,7,8,4,4,9,12,4,8,3,3,6,12,7,4,9,10,9,10,3,7,9,8,6,7,6,5,5,9,3,4,4,3,7,3,4,14,11,6,16,1,2,4,5,6,9,12,13,12,7,4,4,6,4,4,6,7,10,7,5,13,9,5,6,4,5,3,5,3,17,8,10,9
,0,1,2,3,4,5,6,7,8,9,10,11,12,13,14,15,16,17,18,19,20,21,22,23,24,25,26,27,28,29,30,31,32,33,34,35,36,37,38,39,40,41,42,43,44,45,46,47,48,49,50,51,52,53,54,55,56,57,58,59,60,61,62,63,64,65,66,67,68,69,70,71,72,73,74,75,76,77,78,79,80,81,82,83,84,85,86,87,88,89,90,91,92,93,94,95,96,97,98,99,100,101,102,103,104,105,106,107,108,109,110,111,112,113,114,115,116,117,118,119,120
0,11,15,10,6,6,7,4,3,4,4,5,15,9,10,8,9,3,3,9,5,0,4,9,7,6,10,8,7,9,6,3,6,4,12,7,7,7,6,3,4,8,6,9,6,9,6,9,5,9,5,5,5,8,8,6,10,3,3,12,8,6,2,3,9,8,11,3,1,13,7,3,7,9,6,7,11,8,7,7,1,9,6,12,8,5,4,5,11,7,7,2,12,3,6,9,4,9,8,8,5,4,3,7,7,10,7,5,9,10,8,5,3,6,1,4,10,5,10,12,10,9
,0,1,2,3,4,5,6,7,8,9,10,11,12,13,14,15,16,17,18,19,20,21,22,23,24,25,26,27,28,29,30,31,32,33,34,35,36,37,38,39,40,41,42,43,44,45,46,47,48,49,50,51,52,53,54,55,56,57,58,59,60,61,62,63,64,65,66,67,68,69,70,71,72,73,74,75,76,77,78,79,80,81,82,83,84,85,86,87,88,89,90,91,92,93,94,95,96,97,98,99,100,101,102,103,104,105,106,107,108,109,110,111,112,113,114,115,116,117,118,119,120
0,11,13,7,4,8,7,4,7,5,4,5,5,11,10,7,7,9,8,2,11,4,1,13,10,7,7,8,5,4,5,5,6,5,11,10,9,6,7,8,7,3,6,3,5,8,7,7,8,10,8,9,3,4,7,4,5,7,4,8,4,7,5,5,8,10,12,8,4,5,8,4,11,6,8,5,11,5,11,4,4,3,9,6,3,6,6,10,13,9,5,3,6,3,6,11,7,3,15,7,2,10,6,7,4,6,10,5,4,10,11,1,3,11,6,10,6,4,8,7,11,8
,0,1,2,3,4,5,6,7,8,9,10,11,12,13,14,15,16,17,18,19,20,21,22,23,24,25,26,27,28,29,30,31,32,33,34,35,36,37,38,39,40,41,42,43,44,45,46,47,48,49,50,51,52,53,54,55,56,57,58,59,60,61,62,63,64,65,66,67,68,69,70,71,72,73,74,75,76,77,78,79,80,81,82,83,84,85,86,87,88,89,90,91,92,93,94,95,96,97,98,99,100,101,102,103,104,105,106,107,108,109,110,111,112,113,114,115,116,117,118,119,120
0,9,9,6,7,6,8,5,6,8,8,3,8,7,9,5,4,14,7,7,4,8,2,6,11,7,6,5,10,3,6,5,5,11,9,5,6,8,8,11,7,1,5,7,8,7,9,3,5,9,3,10,5,10,8,6,5,9,5,7,8,9,6,10,7,5,4,5,4,10,4,4,11,7,8,8,5,9,8,8,5,7,3,8,10,4,7,10,5,4,6,9,11,3,7,7,6,2,8,12,5,5,3,8,8,7,6,3,13,5,12,4,4,5,4,10,4,7,4,12,12,9
,0,1,2,3,4,5,6,7,8,9,10,11,12,13,14,15,16,17,18,19,20,21,22,23,24,25,26,27,28,29,30,31,32,33,34,35,36,37,38,39,40,41,42,43,44,45,46,47,48,49,50,51,52,53,54,55,56,57,58,59,60,61,62,63,64,65,66,67,68,69,70,71,72,73,74,75,76,77,78,79,80,81,82,83,84,85,86,87,88,89,90,91,92,93,94,95,96,97,98,99,100,101,102,103,104,105,106,107,108,109,110,111,112,113,114,115,116,117,118,119,120
0,14,4,9,2,7,10,6,5,5,5,8,11,14,9,3,8,4,5,6,6,4,5,6,9,12,4,8,7,6,5,6,4,8,6,10,11,7,7,5,3,6,5,7,8,4,8,10,7,4,5,9,7,9,6,6,6,6,11,6,10,6,5,2,5,8,10,11,5,3,9,7,9,5,5,4,11,6,10,8,6,5,7,10,6,3,6,9,5,9,3,7,4,4,10,4,4,9,14,7,10,6,9,5,9,5,7,6,3,6,9,4,2,2,11,9,10,10,11,5,4,7
,0,1,2,3,4,5,6,7,8,9,10,11,12,13,14,15,16,17,18,19,20,21,22,23,24,25,26,27,28,29,30,31,32,33,34,35,36,37,38,39,40,41,42,43,44,45,46,47,48,49,50,51,52,53,54,55,56,57,58,59,60,61,62,63,64,65,66,67,68,69,70,71,72,73,74,75,76,77,78,79,80,81,82,83,84,85,86,87,88,89,90,91,92,93,94,95,96,97,98,99,100,101,102,103,104,105,106,107,108,109,110,111,112,113,114,115,116,117,118,119,120
0,8,9,3,10,7,8,5,2,9,6,8,4,8,8,8,9,6,10,8,4,4,6,7,5,5,5,7,4,11,9,7,8,7,7,8,6,14,5,10,7,3,3,5,7,7,8,1,9,7,10,8,6,7,5,7,11,9,5,9,7,7,6,5,4,8,4,2,3,5,5,7,10,13,10,3,8,9,1,5,11,3,10,2,10,8,9,9,7,6,7,7,9,6,8,5,3,4,8,12,6,3,10,6,9,5,4,10,7,9,6,8,3,3,7,6,7,12,10,2,11,6
,0,1,2,3,4,5,6,7,8,9,10,11,12,13,14,15,16,17,18,19,20,21,22,23,24,25,26,27,28,29,30,31,32,33,34,35,36,37,38,39,40,41,42,43,44,45,46,47,48,49,50,51,52,53,54,55,56,57,58,59,60,61,62,63,64,65,66,67,68,69,70,71,72,73,74,75,76,77,78,79,80,81,82,83,84,85,86,87,88,89,90,91,92,93,94,95,96,97,98,99,100,101,102,103,104,105,106,107,108,109,110,111,112,113,114,115,116,117,118,119,120
0,5,7,12,7,6,10,5,6,5,7,5,10,7,8,10,11,5,5,7,7,2,3,10,10,5,9,5,2,6,6,6,10,6,6,10,4,14,0,8,9,4,8,8,4,9,10,5,10,8,3,5,6,8,6,5,2,8,11,6,3,7,9,5,7,10,7,6,5,3,9,10,4,8,7,7,11,5,10,8,5,3,4,11,7,3,11,10,3,4,5,8,2,4,9,3,12,9,10,9,4,1,3,9,6,5,9,11,5,17,5,9,6,7,10,5,10,9,4,8,4,3
,0,1,2,3,4,5,6,7,8,9,10,11,12,13,14,15,16,17,18,19,20,21,22,23,24,25,26,27,28,29,30,31,32,33,34,35,36,37,38,39,40,41,42,43,44,45,46,47,48,49,50,51,52,53,54,55,56,57,58,59,60,61,62,63,64,65,66,67,68,69,70,71,72,73,74,75,76,77,78,79,80,81,82,83,84,85,86,87,88,89,90,91,92,93,94,95,96,97,98,99,100,101,102,103,104,105,106,107,108,109,110,111,112,113,114,115,116,117,118,119,120
0,6,14,10,5,8,5,7,3,6,2,9,5,9,15,8,3,4,7,4,10,2,8,11,7,7,4,10,6,3,5,7,9,6,6,7,11,6,6,13,4,7,6,7,2,5,11,10,6,4,8,10,5,4,4,8,6,9,10,5,4,4,7,4,7,12,7,5,5,9,5,6,4,13,9,5,4,10,5,8,2,5,5,3,11,13,8,9,6,2,3,8,9,5,13,9,11,8,4,3,6,5,8,7,4,6,11,6,9,4,9,5,4,6,5,9,4,10,8,5,11,8
,0,1,2,3,4,5,6,7,8,9,10,11,12,13,14,15,16,17,18,19,20,21,22,23,24,25,26,27,28,29,30,31,32,33,34,35,36,37,38,39,40,41,42,43,44,45,46,47,48,49,50,51,52,53,54,55,56,57,58,59,60,61,62,63,64,65,66,67,68,69,70,71,72,73,74,75,76,77,78,79,80,81,82,83,84,85,86,87,88,89,90,91,92,93,94,95,96,97,98,99,100,101,102,103,104,105,106,107,108,109,110,111,112,113,114,115,116,117,118,119,120
0,8,4,7,5,7,3,17,4,10,4,6,10,9,7,10,12,4,4,5,8,2,4,10,7,6,5,3,11,9,4,4,6,10,6,5,10,9,6,9,3,7,3,8,9,9,3,5,8,8,8,8,5,8,7,6,9,6,5,12,2,13,7,7,2,6,6,7,10,5,4,6,5,15,5,8,7,3,5,7,3,6,13,8,5,8,3,8,9,12,7,2,4,9,4,6,8,10,5,8,5,5,5,11,7,6,8,7,6,7,8,6,9,4,4,3,9,3,12,8,6,11
,0,1,2,3,4,5,6,7,8,9,10,11,12,13,14,15,16,17,18,19,20,21,22,23,24,25,26,27,28,29,30,31,32,33,34,35,36,37,38,39,40,41,42,43,44,45,46,47,48,49,50,51,52,53,54,55,56,57,58,59,60,61,62,63,64,65,66,67,68,69,70,71,72,73,74,75,76,77,78,79,80,81,82,83,84,85,86,87,88,89,90,91,92,93,94,95,96,97,98,99,100,101,102,103,104,105,106,107,108,109,110,111,112,113,114,115,116,117,118,119,120
0,10,6,6,13,5,3,7,4,3,11,7,6,8,4,7,10,6,8,7,7,9,3,6,7,6,6,8,4,9,7,9,8,5,4,6,11,11,11,4,7,3,8,5,5,8,9,10,7,10,1,7,5,6,8,4,5,6,12,0,8,7,7,7,7,9,7,5,10,7,7,9,4,3,10,9,7,4,5,4,7,5,3,10,2,11,14,7,7,5,5,6,7,3,7,7,7,9,8,11,2,4,6,9,5,9,6,9,7,9,9,2,10,7,6,8,8,5,9,4,12,4
,0,1,2,3,4,5,6,7,8,9,10,11,12,13,14,15,16,17,18,19,20,21,22,23,24,25,26,27,28,29,30,31,32,33,34,35,36,37,38,39,40,41,42,43,44,45,46,47,48,49,50,51,52,53,54,55,56,57,58,59,60,61,62,63,64,65,66,67,68,69,70,71,72,73,74,75,76,77,78,79,80,81,82,83,84,85,86,87,88,89,90,91,92,93,94,95,96,97,98,99,100,101,102,103,104,105,106,107,108,109,110,111,112,113,114,115,116,117,118,119,120
0,7,4,5,3,9,5,6,7,11,7,11,5,5,7,10,7,7,5,6,8,7,8,6,6,8,7,5,6,12,6,5,7,7,4,8,7,6,11,6,7,4,6,10,6,5,9,4,7,12,5,7,6,11,3,6,10,4,6,5,9,8,12,4,5,7,5,5,7,4,6,8,6,8,5,9,12,5,7,5,7,7,5,8,3,11,12,4,6,6,9,4,8,8,7,3,7,9,9,5,5,4,5,9,5,5,9,9,6,14,4,5,3,6,4,5,8,8,5,9,17,5
,0,1,2,3,4,5,6,7,8,9,10,11,12,13,14,15,16,17,18,19,20,21,22,23,24,25,26,27,28,29,30,31,32,33,34,35,36,37,38,39,40,41,42,43,44,45,46,47,48,49,50,51,52,53,54,55,56,57,58,59,60,61,62,63,64,65,66,67,68,69,70,71,72,73,74,75,76,77,78,79,80,81,82,83,84,85,86,87,88,89,90,91,92,93,94,95,96,97,98,99,100,101,102,103,104,105,106,107,108,109,110,111,112,113,114,115,116,117,118,119,120
0,12,9,4,6,9,7,7,5,4,8,4,7,9,7,5,11,9,6,8,3,6,4,12,9,9,7,7,6,9,5,4,4,3,6,7,6,4,5,11,4,6,7,9,10,7,8,6,5,8,7,6,8,8,3,9,5,5,6,3,7,6,9,6,8,8,12,9,4,3,5,4,10,10,9,6,9,6,7,4,7,4,7,7,8,10,5,8,8,7,4,10,2,6,9,3,5,8,13,8,4,4,7,6,5,4,7,2,5,21,10,7,3,7,6,4,8,6,5,5,14,10
,0,1,2,3,4,5,6,7,8,9,10,11,12,13,14,15,16,17,18,19,20,21,22,23,24,25,26,27,28,29,30,31,32,33,34,35,36,37,38,39,40,41,42,43,44,45,46,47,48,49,50,51,52,53,54,55,56,57,58,59,60,61,62,63,64,65,66,67,68,69,70,71,72,73,74,75,76,77,78,79,80,81,82,83,84,85,86,87,88,89,90,91,92,93,94,95,96,97,98,99,100,101,102,103,104,105,106,107,108,109,110,111,112,113,114,115,116,117,118,119,120
0,6,5,6,4,9,5,7,6,8,13,6,3,3,7,10,8,4,10,12,5,8,5,12,11,11,3,5,7,8,5,5,1,7,8,8,5,10,7,5,11,7,5,3,6,10,4,5,5,9,7,4,7,9,7,8,4,6,4,7,5,6,6,14,4,7,12,6,6,7,6,5,8,3,8,9,6,11,7,8,8,9,4,7,5,4,6,10,7,5,5,4,9,6,7,8,7,7,10,7,8,7,7,7,6,9,5,9,3,10,4,7,7,2,8,5,12,9,5,7,5,8
,0,1,2,3,4,5,6,7,8,9,10,11,12,13,14,15,16,17,18,19,20,21,22,23,24,25,26,27,28,29,30,31,32,33,34,35,36,37,38,39,40,41,42,43,44,45,46,47,48,49,50,51,52,53,54,55,56,57,58,59,60,61,62,63,64,65,66,67,68,69,70,71,72,73,74,75,76,77,78,79,80,81,82,83,84,85,86,87,88,89,90,91,92,93,94,95,96,97,98,99,100,101,102,103,104,105,106,107,108,109,110,111,112,113,114,115,116,117,118,119,120
0,7,8,3,9,8,9,7,10,7,3,4,5,5,3,11,10,4,12,9,8,6,2,9,9,5,5,7,10,7,3,5,4,11,6,5,7,5,4,12,8,4,10,8,6,4,9,9,3,9,2,9,9,5,8,8,5,8,10,5,8,12,1,4,8,7,7,7,5,7,6,3,6,5,6,9,14,7,4,8,3,7,8,4,10,10,5,8,8,8,4,8,4,9,5,6,5,7,12,7,7,10,3,6,4,6,4,10,7,12,6,8,7,7,7,3,6,10,4,7,6,10
,0,1,2,3,4,5,6,7,8,9,10,11,12,13,14,15,16,17,18,19,20,21,22,23,24,25,26,27,28,29,30,31,32,33,34,35,36,37,38,39,40,41,42,43,44,45,46,47,48,49,50,51,52,53,54,55,56,57,58,59,60,61,62,63,64,65,66,67,68,69,70,71,72,73,74,75,76,77,78,79,80,81,82,83,84,85,86,87,88,89,90,91,92,93,94,95,96,97,98,99,100,101,102,103,104,105,106,107,108,109,110,111,112,113,114,115,116,117,118,119,120
0,9,8,8,6,5,5,8,4,7,11,4,4,8,4,2,8,7,8,10,11,8,5,6,12,5,8,4,12,6,9,1,7,5,7,9,8,10,3,6,7,8,6,5,6,6,6,4,5,9,13,4,8,7,7,6,7,9,3,5,6,8,11,8,4,7,7,8,8,8,11,8,7,7,3,7,3,5,2,14,6,9,12,8,7,3,7,5,2,8,7,5,7,5,11,9,8,9,4,2,7,7,8,8,4,6,3,4,8,7,13,6,9,4,4,13,4,5,3,10,9,8
,0,1,2,3,4,5,6,7,8,9,10,11,12,13,14,15,16,17,18,19,20,21,22,23,24,25,26,27,28,29,30,31,32,33,34,35,36,37,38,39,40,41,42,43,44,45,46,47,48,49,50,51,52,53,54,55,56,57,58,59,60,61,62,63,64,65,66,67,68,69,70,71,72,73,74,75,76,77,78,79,80,81,82,83,84,85,86,87,88,89,90,91,92,93,94,95,96,97,98,99,100,101,102,103,104,105,106,107,108,109,110,111,112,113,114,115,116,117,118,119,120
0,5,9,7,6,10,5,14,4,3,3,9,5,8,7,7,6,4,9,8,8,2,11,4,6,5,16,5,6,6,7,3,10,7,6,8,11,7,3,8,1,7,9,8,7,7,7,4,6,10,13,0,5,5,13,5,5,7,4,6,9,5,10,8,6,7,8,9,8,12,6,2,6,4,7,5,12,4,3,10,7,5,5,9,3,10,9,7,7,9,5,8,6,9,7,7,6,5,9,4,5,7,7,6,11,4,6,8,4,12,5,5,7,3,6,5,11,2,6,4,11,15
,0,1,2,3,4,5,6,7,8,9,10,11,12,13,14,15,16,17,18,19,20,21,22,23,24,25,26,27,28,29,30,31,32,33,34,35,36,37,38,39,40,41,42,43,44,45,46,47,48,49,50,51,52,53,54,55,56,57,58,59,60,61,62,63,64,65,66,67,68,69,70,71,72,73,74,75,76,77,78,79,80,81,82,83,84,85,86,87,88,89,90,91,92,93,94,95,96,97,98,99,100,101,102,103,104,105,106,107,108,109,110,111,112,113,114,115,116,117,118,119,120
0,4,5,7,5,9,3,7,7,6,14,8,11,3,7,5,7,7,7,5,9,3,11,8,9,5,4,7,12,6,7,7,7,3,9,4,12,6,4,7,6,6,9,5,7,6,8,8,9,6,11,1,7,5,7,7,15,7,6,7,7,5,7,6,4,6,5,6,7,4,5,4,8,12,8,11,5,5,6,8,8,4,7,12,12,1,5,6,6,9,7,9,4,7,4,9,7,7,5,7,8,10,3,4,3,13,9,9,5,7,4,4,10,8,10,6,1,8,6,8,11,3
,0,1,2,3,4,5,6,7,8,9,10,11,12,13,14,15,16,17,18,19,20,21,22,23,24,25,26,27,28,29,30,31,32,33,34,35,36,37,38,39,40,41,42,43,44,45,46,47,48,49,50,51,52,53,54,55,56,57,58,59,60,61,62,63,64,65,66,67,68,69,70,71,72,73,74,75,76,77,78,79,80,81,82,83,84,85,86,87,88,89,90,91,92,93,94,95,96,97,98,99,100,101,102,103,104,105,106,107,108,109,110,111,112,113,114,115,116,117,118,119,120
0,6,8,7,5,3,6,9,7,6,12,6,6,10,7,6,9,3,6,7,9,7,5,4,9,6,9,10,11,7,12,2,4,1,5,6,7,8,4,8,5,10,6,3,13,8,8,1,10,14,7,5,6,6,3,7,7,12,7,5,6,4,8,8,4,10,4,6,8,6,4,5,8,5,8,11,7,7,5,6,7,5,10,3,4,7,9,12,7,10,7,4,8,7,6,12,8,3,2,8,3,8,5,5,10,7,3,9,11,11,3,9,8,6,4,13,7,6,3,10,4,5
