dataset_name,feature_name,tree_id,nodes,edges,diameter,weak_components,strong_components,node_connectivity,mean_hub_score,mean_auth_score,median_degree,mean_degree,depth,total_length_of_branches,branching_ratio
chesskingrookvsking,White King file,0,23,90,4,1,3,-1,0.043478260869565216,0.043478260869565216,8.0,8.733333333333333,16,208,0.07692307692307693
chesskingrookvsking,White King file,1,23,95,3,1,3,-1,0.04347826086956523,0.043478260869565216,7.5,8.916666666666666,17,232,0.07327586206896551
chesskingrookvsking,White King file,2,23,106,3,1,2,-1,0.04347826086956523,0.04347826086956523,9.5,9.142857142857142,16,234,0.06837606837606838
chesskingrookvsking,White King file,3,23,108,3,1,1,-1,0.04347826086956521,0.0434782608695652,9.5,10.714285714285714,16,256,0.0625
chesskingrookvsking,White King file,4,23,98,3,1,2,-1,0.04347826086956521,0.04347826086956523,8.5,9.416666666666666,15,240,0.0625
chesskingrookvsking,White King file,5,23,98,3,1,2,-1,0.043478260869565216,0.04347826086956521,8.5,9.214285714285714,17,238,0.07142857142857142
chesskingrookvsking,White King file,6,23,96,3,1,1,-1,0.043478260869565216,0.04347826086956521,9.0,9.727272727272727,16,230,0.06956521739130435
chesskingrookvsking,White King file,7,23,109,3,1,1,-1,0.04347826086956523,0.04347826086956523,9.5,10.833333333333334,17,246,0.06910569105691057
chesskingrookvsking,White King file,8,23,103,3,1,2,-1,0.04347826086956523,0.04347826086956523,10.0,10.307692307692308,15,250,0.06
chesskingrookvsking,White King file,9,23,100,3,1,2,-1,0.043478260869565216,0.04347826086956523,8.5,9.583333333333334,17,242,0.07024793388429752
chesskingrookvsking,White King file,10,23,90,3,1,2,-1,0.04347826086956523,0.04347826086956523,8.5,9.583333333333334,15,224,0.06696428571428571
chesskingrookvsking,White King file,11,23,98,4,1,3,-1,0.04347826086956521,0.04347826086956521,8.5,10.0,16,240,0.06666666666666667
chesskingrookvsking,White King file,12,22,91,3,1,2,-1,0.045454545454545456,0.045454545454545456,8.0,9.153846153846153,15,234,0.0641025641025641
chesskingrookvsking,White King file,13,23,91,3,1,2,-1,0.043478260869565216,0.043478260869565216,7.5,9.916666666666666,15,234,0.0641025641025641
chesskingrookvsking,White King file,14,23,98,3,1,1,-1,0.04347826086956523,0.043478260869565216,8.0,10.545454545454545,15,228,0.06578947368421052
chesskingrookvsking,White King file,15,23,89,3,1,4,-1,0.043478260869565216,0.043478260869565216,7.5,8.25,16,226,0.07079646017699115
chesskingrookvsking,White King file,16,23,94,4,1,4,-1,0.043478260869565216,0.043478260869565216,8.0,9.23076923076923,18,238,0.07563025210084033
chesskingrookvsking,White King file,17,23,108,4,1,3,-1,0.043478260869565216,0.04347826086956521,8.5,9.5,17,252,0.06746031746031746
chesskingrookvsking,White King file,18,23,102,3,1,3,-1,0.043478260869565216,0.04347826086956521,9.0,9.461538461538462,17,234,0.07264957264957266
chesskingrookvsking,White King file,19,23,95,3,1,2,-1,0.043478260869565216,0.04347826086956524,8.0,9.307692307692308,18,232,0.07758620689655173
chesskingrookvsking,White King file,20,22,100,3,1,1,-1,0.04545454545454546,0.045454545454545456,9.0,10.153846153846153,14,232,0.0603448275862069
chesskingrookvsking,White King file,21,23,93,3,1,1,-1,0.043478260869565216,0.04347826086956521,8.5,10.083333333333334,16,228,0.07017543859649122
chesskingrookvsking,White King file,22,22,90,3,1,3,-1,0.045454545454545456,0.04545454545454545,8.5,9.3,14,228,0.06140350877192982
chesskingrookvsking,White King file,23,23,102,3,1,1,-1,0.04347826086956521,0.043478260869565216,9.0,9.923076923076923,19,234,0.0811965811965812
chesskingrookvsking,White King file,24,23,94,3,1,2,-1,0.04347826086956521,0.04347826086956521,8.5,9.166666666666666,15,242,0.06198347107438017
chesskingrookvsking,White King file,25,23,106,3,1,1,-1,0.04347826086956521,0.043478260869565216,9.0,10.777777777777779,16,250,0.064
chesskingrookvsking,White King file,26,23,94,3,1,2,-1,0.04347826086956521,0.04347826086956523,8.5,9.5,19,234,0.0811965811965812
chesskingrookvsking,White King file,27,23,100,3,1,1,-1,0.043478260869565216,0.043478260869565216,8.5,9.666666666666666,16,240,0.06666666666666667
chesskingrookvsking,White King file,28,23,111,3,1,2,-1,0.04347826086956521,0.043478260869565216,9.0,9.538461538461538,16,252,0.06349206349206349
chesskingrookvsking,White King file,29,23,91,3,1,3,-1,0.043478260869565216,0.043478260869565216,8.0,8.818181818181818,16,224,0.07142857142857142
chesskingrookvsking,White King file,30,23,105,4,1,2,-1,0.043478260869565216,0.04347826086956523,8.5,9.071428571428571,16,252,0.06349206349206349
chesskingrookvsking,White King file,31,23,100,3,1,1,-1,0.043478260869565216,0.04347826086956521,9.0,11.272727272727273,16,238,0.06722689075630252
chesskingrookvsking,White King file,32,23,101,3,1,1,-1,0.043478260869565216,0.04347826086956523,9.5,11.1,16,242,0.06611570247933884
chesskingrookvsking,White King file,33,23,99,3,1,2,-1,0.043478260869565216,0.043478260869565216,8.0,10.0,15,240,0.0625
chesskingrookvsking,White King file,34,23,100,3,1,5,-1,0.04347826086956521,0.04347826086956521,10.5,10.833333333333334,16,244,0.06557377049180328
chesskingrookvsking,White King file,35,23,100,3,1,1,-1,0.04347826086956523,0.04347826086956523,9.0,11.181818181818182,17,242,0.07024793388429752
chesskingrookvsking,White King file,36,22,93,3,1,2,-1,0.045454545454545456,0.045454545454545456,9.0,10.090909090909092,15,224,0.06696428571428571
chesskingrookvsking,White King file,37,23,103,3,1,1,-1,0.043478260869565216,0.04347826086956521,8.0,8.555555555555555,15,234,0.0641025641025641
chesskingrookvsking,White King file,38,23,103,3,1,1,-1,0.04347826086956521,0.043478260869565216,9.0,10.181818181818182,16,252,0.06349206349206349
chesskingrookvsking,White King file,39,23,98,3,1,2,-1,0.043478260869565216,0.04347826086956523,9.0,10.0,18,236,0.07627118644067797
chesskingrookvsking,White King file,40,23,89,3,1,3,-1,0.043478260869565216,0.04347826086956521,8.0,9.538461538461538,16,240,0.06666666666666667
chesskingrookvsking,White King file,41,23,98,3,1,1,-1,0.043478260869565216,0.04347826086956521,8.5,8.8,17,250,0.068
chesskingrookvsking,White King file,42,23,103,3,1,1,-1,0.04347826086956521,0.04347826086956523,8.0,9.0,15,242,0.06198347107438017
chesskingrookvsking,White King file,43,23,97,3,1,5,-1,0.04347826086956521,0.0434782608695652,8.5,9.5,16,246,0.06504065040650407
chesskingrookvsking,White King file,44,23,100,3,1,1,-1,0.04347826086956521,0.043478260869565216,8.5,9.416666666666666,17,236,0.07203389830508475
chesskingrookvsking,White King file,45,22,90,3,1,1,-1,0.045454545454545456,0.045454545454545456,8.5,8.9,17,220,0.07727272727272727
chesskingrookvsking,White King file,46,23,90,4,1,3,-1,0.043478260869565216,0.043478260869565216,7.5,9.416666666666666,16,218,0.07339449541284404
chesskingrookvsking,White King file,47,23,105,3,1,1,-1,0.04347826086956521,0.04347826086956521,9.0,10.272727272727273,14,238,0.058823529411764705
chesskingrookvsking,White King file,48,23,92,3,1,4,-1,0.04347826086956521,0.04347826086956523,7.0,8.307692307692308,16,240,0.06666666666666667
chesskingrookvsking,White King file,49,21,88,3,1,1,-1,0.047619047619047616,0.04761904761904763,8.5,9.666666666666666,13,218,0.05963302752293578
chesskingrookvsking,White King file,50,23,88,4,1,5,-1,0.043478260869565216,0.04347826086956521,8.0,9.692307692307692,14,218,0.06422018348623854
chesskingrookvsking,White King file,51,23,103,3,1,1,-1,0.04347826086956521,0.04347826086956521,8.5,9.75,15,268,0.055970149253731345
chesskingrookvsking,White King file,52,23,109,3,1,1,-1,0.04347826086956521,0.043478260869565216,10.0,10.538461538461538,16,256,0.0625
chesskingrookvsking,White King file,53,23,93,3,1,2,-1,0.04347826086956521,0.043478260869565216,8.0,9.545454545454545,15,222,0.06756756756756757
chesskingrookvsking,White King file,54,23,100,3,1,1,-1,0.04347826086956521,0.04347826086956523,9.5,10.333333333333334,16,240,0.06666666666666667
chesskingrookvsking,White King file,55,23,101,3,1,1,-1,0.0434782608695652,0.04347826086956523,8.0,9.909090909090908,16,256,0.0625
chesskingrookvsking,White King file,56,23,94,3,1,2,-1,0.04347826086956521,0.043478260869565216,7.5,8.75,16,230,0.06956521739130435
chesskingrookvsking,White King file,57,23,106,3,1,1,-1,0.04347826086956521,0.04347826086956523,8.5,9.3,15,254,0.05905511811023622
chesskingrookvsking,White King file,58,23,94,4,1,3,-1,0.04347826086956524,0.04347826086956523,8.0,7.909090909090909,18,228,0.07894736842105263
chesskingrookvsking,White King file,59,23,93,3,1,2,-1,0.04347826086956524,0.04347826086956521,7.5,9.0,16,230,0.06956521739130435
chesskingrookvsking,White King file,60,23,102,3,1,2,-1,0.043478260869565216,0.043478260869565216,9.0,10.23076923076923,19,252,0.07539682539682539
chesskingrookvsking,White King file,61,22,98,3,1,3,-1,0.045454545454545456,0.04545454545454545,9.0,10.133333333333333,16,230,0.06956521739130435
chesskingrookvsking,White King file,62,23,100,3,1,2,-1,0.043478260869565216,0.04347826086956521,8.0,9.818181818181818,14,230,0.06086956521739131
chesskingrookvsking,White King file,63,23,110,3,1,1,-1,0.04347826086956521,0.04347826086956521,9.0,10.181818181818182,18,254,0.07086614173228346
chesskingrookvsking,White King file,64,23,105,4,1,5,-1,0.043478260869565216,0.04347826086956523,9.5,10.5,16,240,0.06666666666666667
chesskingrookvsking,White King file,65,23,95,3,1,4,-1,0.043478260869565216,0.04347826086956523,8.5,9.642857142857142,17,230,0.07391304347826087
chesskingrookvsking,White King file,66,23,100,3,1,1,-1,0.04347826086956521,0.04347826086956521,9.5,9.5,14,240,0.058333333333333334
chesskingrookvsking,White King file,67,22,102,3,1,1,-1,0.04545454545454546,0.04545454545454546,9.0,10.307692307692308,16,230,0.06956521739130435
chesskingrookvsking,White King file,68,23,99,3,1,3,-1,0.04347826086956521,0.043478260869565216,7.5,8.333333333333334,15,240,0.0625
chesskingrookvsking,White King file,69,23,102,3,1,1,-1,0.04347826086956523,0.04347826086956523,8.5,9.833333333333334,15,236,0.0635593220338983
chesskingrookvsking,White King file,70,23,101,3,1,1,-1,0.04347826086956521,0.043478260869565216,10.0,10.153846153846153,15,238,0.06302521008403361
chesskingrookvsking,White King file,71,23,100,3,1,2,-1,0.043478260869565216,0.04347826086956523,10.0,10.090909090909092,15,224,0.06696428571428571
chesskingrookvsking,White King file,72,23,102,3,1,2,-1,0.043478260869565216,0.043478260869565216,8.0,9.636363636363637,16,244,0.06557377049180328
chesskingrookvsking,White King file,73,23,96,3,1,1,-1,0.043478260869565216,0.043478260869565216,9.0,10.636363636363637,17,242,0.07024793388429752
chesskingrookvsking,White King file,74,23,103,3,1,3,-1,0.04347826086956521,0.04347826086956521,8.0,8.307692307692308,16,240,0.06666666666666667
chesskingrookvsking,White King file,75,22,92,3,1,3,-1,0.04545454545454546,0.045454545454545456,8.5,9.571428571428571,18,220,0.08181818181818182
chesskingrookvsking,White King file,76,23,106,3,1,1,-1,0.04347826086956521,0.04347826086956524,8.5,9.166666666666666,19,252,0.07539682539682539
chesskingrookvsking,White King file,77,23,108,3,1,2,-1,0.043478260869565216,0.043478260869565216,9.0,10.307692307692308,15,248,0.06048387096774194
chesskingrookvsking,White King file,78,23,119,3,1,2,-1,0.04347826086956521,0.043478260869565216,9.5,11.142857142857142,16,258,0.06201550387596899
chesskingrookvsking,White King file,79,23,101,3,1,3,-1,0.043478260869565216,0.04347826086956521,8.0,10.692307692307692,15,252,0.05952380952380952
chesskingrookvsking,White King file,80,23,93,4,1,4,-1,0.04347826086956521,0.043478260869565216,9.0,10.0,16,236,0.06779661016949153
chesskingrookvsking,White King file,81,23,94,3,1,4,-1,0.043478260869565216,0.043478260869565216,9.5,10.142857142857142,17,238,0.07142857142857142
chesskingrookvsking,White King file,82,22,81,4,1,3,-1,0.045454545454545456,0.04545454545454544,7.0,9.181818181818182,18,214,0.08411214953271028
chesskingrookvsking,White King file,83,23,108,3,1,2,-1,0.04347826086956523,0.04347826086956523,10.0,10.23076923076923,16,252,0.06349206349206349
chesskingrookvsking,White King file,84,23,100,3,1,4,-1,0.043478260869565216,0.043478260869565216,9.0,9.76923076923077,17,232,0.07327586206896551
chesskingrookvsking,White King file,85,23,104,3,1,1,-1,0.04347826086956523,0.04347826086956521,9.5,10.833333333333334,17,242,0.07024793388429752
chesskingrookvsking,White King file,86,23,85,4,1,5,-1,0.04347826086956523,0.04347826086956523,7.5,8.642857142857142,16,216,0.07407407407407407
chesskingrookvsking,White King file,87,23,93,3,1,2,-1,0.043478260869565216,0.04347826086956521,7.0,8.545454545454545,16,234,0.06837606837606838
chesskingrookvsking,White King file,88,23,100,3,1,1,-1,0.04347826086956523,0.04347826086956523,9.0,9.909090909090908,17,242,0.07024793388429752
chesskingrookvsking,White King file,89,23,89,3,1,2,-1,0.04347826086956521,0.04347826086956523,8.0,9.181818181818182,18,230,0.0782608695652174
chesskingrookvsking,White King file,90,23,91,3,1,2,-1,0.04347826086956523,0.043478260869565216,9.0,9.23076923076923,17,220,0.07727272727272727
chesskingrookvsking,White King file,91,23,102,3,1,1,-1,0.043478260869565216,0.043478260869565216,8.0,9.307692307692308,15,248,0.06048387096774194
chesskingrookvsking,White King file,92,23,101,3,1,1,-1,0.043478260869565216,0.043478260869565216,9.0,10.0,18,236,0.07627118644067797
chesskingrookvsking,White King file,93,23,99,3,1,3,-1,0.043478260869565216,0.043478260869565216,8.0,9.090909090909092,15,240,0.0625
chesskingrookvsking,White King file,94,23,103,3,1,2,-1,0.04347826086956521,0.04347826086956523,9.0,9.76923076923077,17,246,0.06910569105691057
chesskingrookvsking,White King file,95,23,94,3,1,1,-1,0.04347826086956521,0.043478260869565216,8.0,8.818181818181818,15,222,0.06756756756756757
chesskingrookvsking,White King file,96,22,93,3,1,1,-1,0.04545454545454545,0.04545454545454546,8.5,10.0,15,228,0.06578947368421052
chesskingrookvsking,White King file,97,23,85,4,1,4,-1,0.04347826086956521,0.043478260869565216,7.5,9.0,16,232,0.06896551724137931
chesskingrookvsking,White King file,98,22,93,3,1,2,-1,0.045454545454545456,0.045454545454545456,8.5,9.5,17,236,0.07203389830508475
chesskingrookvsking,White King file,99,23,85,4,1,8,-1,0.04347826086956521,0.043478260869565216,7.5,7.666666666666667,17,216,0.0787037037037037
chesskingrookvsking,White King rank,0,23,219,3,1,2,-1,0.04347826086956521,0.043478260869565216,20.0,20.928571428571427,20,826,0.024213075060532687
chesskingrookvsking,White King rank,1,23,206,3,1,3,-1,0.043478260869565216,0.043478260869565216,17.5,19.0625,21,800,0.02625
chesskingrookvsking,White King rank,2,23,216,3,1,2,-1,0.04347826086956521,0.04347826086956523,17.0,19.4,19,878,0.02164009111617312
chesskingrookvsking,White King rank,3,23,194,3,1,3,-1,0.04347826086956521,0.043478260869565216,15.5,17.555555555555557,20,824,0.024271844660194174
chesskingrookvsking,White King rank,4,23,188,3,1,3,-1,0.04347826086956523,0.043478260869565216,15.5,17.714285714285715,20,820,0.024390243902439025
chesskingrookvsking,White King rank,5,23,203,3,1,3,-1,0.04347826086956521,0.04347826086956521,18.0,18.0,21,824,0.025485436893203883
chesskingrookvsking,White King rank,6,23,199,3,1,1,-1,0.043478260869565216,0.043478260869565216,16.5,17.8125,21,848,0.024764150943396228
chesskingrookvsking,White King rank,7,23,198,3,1,2,-1,0.0434782608695652,0.043478260869565216,17.5,18.0625,21,816,0.025735294117647058
chesskingrookvsking,White King rank,8,23,198,2,1,1,-1,0.04347826086956521,0.04347826086956521,16.0,18.4,22,838,0.026252983293556086
chesskingrookvsking,White King rank,9,23,231,2,1,1,-1,0.04347826086956523,0.04347826086956521,19.0,21.176470588235293,20,828,0.024154589371980676
chesskingrookvsking,White King rank,10,23,186,3,1,2,-1,0.043478260869565216,0.043478260869565216,16.0,17.176470588235293,18,864,0.020833333333333332
chesskingrookvsking,White King rank,11,23,211,2,1,1,-1,0.04347826086956521,0.043478260869565216,17.5,19.6875,19,790,0.024050632911392405
chesskingrookvsking,White King rank,12,23,174,3,1,4,-1,0.04347826086956523,0.04347826086956523,15.0,16.6,21,806,0.026054590570719603
chesskingrookvsking,White King rank,13,23,169,3,1,2,-1,0.04347826086956523,0.043478260869565216,14.0,15.823529411764707,23,836,0.02751196172248804
chesskingrookvsking,White King rank,14,23,234,2,1,1,-1,0.043478260869565216,0.04347826086956521,20.5,21.875,19,830,0.02289156626506024
chesskingrookvsking,White King rank,15,23,172,3,1,3,-1,0.04347826086956521,0.043478260869565216,14.5,15.75,21,828,0.025362318840579712
chesskingrookvsking,White King rank,16,23,208,2,1,2,-1,0.043478260869565216,0.04347826086956523,17.0,17.8,20,838,0.02386634844868735
chesskingrookvsking,White King rank,17,23,223,2,1,1,-1,0.04347826086956523,0.0434782608695652,18.0,18.68421052631579,19,866,0.021939953810623556
chesskingrookvsking,White King rank,18,23,203,2,1,2,-1,0.04347826086956521,0.043478260869565216,16.5,17.214285714285715,20,836,0.023923444976076555
chesskingrookvsking,White King rank,19,23,219,3,1,2,-1,0.043478260869565216,0.043478260869565216,18.0,18.8,23,830,0.027710843373493974
chesskingrookvsking,White King rank,20,23,177,3,1,3,-1,0.04347826086956523,0.04347826086956521,14.5,15.8125,20,812,0.024630541871921183
chesskingrookvsking,White King rank,21,23,226,2,1,1,-1,0.04347826086956521,0.043478260869565216,17.5,18.875,21,818,0.02567237163814181
chesskingrookvsking,White King rank,22,23,182,3,1,3,-1,0.04347826086956521,0.043478260869565216,14.5,16.625,19,776,0.024484536082474227
chesskingrookvsking,White King rank,23,23,237,2,1,1,-1,0.04347826086956521,0.04347826086956523,20.5,21.75,20,834,0.023980815347721823
chesskingrookvsking,White King rank,24,23,217,3,1,3,-1,0.043478260869565216,0.04347826086956521,19.0,19.266666666666666,19,864,0.02199074074074074
chesskingrookvsking,White King rank,25,23,221,2,1,2,-1,0.043478260869565216,0.043478260869565216,20.0,20.692307692307693,19,874,0.021739130434782608
chesskingrookvsking,White King rank,26,23,213,2,1,1,-1,0.04347826086956521,0.0434782608695652,17.5,19.4375,21,812,0.02586206896551724
chesskingrookvsking,White King rank,27,23,207,3,1,2,-1,0.043478260869565216,0.043478260869565216,17.0,17.533333333333335,20,814,0.02457002457002457
chesskingrookvsking,White King rank,28,23,181,3,1,2,-1,0.043478260869565216,0.04347826086956523,14.0,15.933333333333334,20,814,0.02457002457002457
chesskingrookvsking,White King rank,29,23,187,2,1,1,-1,0.04347826086956523,0.043478260869565216,13.0,15.333333333333334,24,826,0.029055690072639227
chesskingrookvsking,White King rank,30,23,202,3,1,2,-1,0.04347826086956523,0.043478260869565216,17.5,17.8125,19,798,0.023809523809523808
chesskingrookvsking,White King rank,31,23,218,3,1,3,-1,0.043478260869565216,0.04347826086956521,17.5,18.75,20,840,0.023809523809523808
chesskingrookvsking,White King rank,32,23,204,2,1,2,-1,0.043478260869565216,0.04347826086956521,16.5,18.22222222222222,19,826,0.023002421307506054
chesskingrookvsking,White King rank,33,23,227,2,1,1,-1,0.043478260869565216,0.04347826086956523,18.0,19.53846153846154,20,840,0.023809523809523808
chesskingrookvsking,White King rank,34,23,179,3,1,2,-1,0.04347826086956523,0.04347826086956521,14.0,16.733333333333334,19,856,0.02219626168224299
chesskingrookvsking,White King rank,35,23,224,2,1,1,-1,0.043478260869565216,0.043478260869565216,19.5,20.428571428571427,20,866,0.023094688221709007
chesskingrookvsking,White King rank,36,23,243,2,1,1,-1,0.04347826086956521,0.04347826086956521,22.0,22.470588235294116,19,854,0.02224824355971897
chesskingrookvsking,White King rank,37,23,207,3,1,3,-1,0.04347826086956521,0.04347826086956523,17.0,18.176470588235293,21,814,0.025798525798525797
chesskingrookvsking,White King rank,38,23,226,2,1,2,-1,0.043478260869565216,0.04347826086956521,18.5,19.214285714285715,20,856,0.02336448598130841
chesskingrookvsking,White King rank,39,23,220,2,1,2,-1,0.04347826086956524,0.04347826086956523,18.0,18.533333333333335,19,840,0.02261904761904762
chesskingrookvsking,White King rank,40,23,186,4,1,3,-1,0.043478260869565216,0.04347826086956521,16.0,17.466666666666665,22,846,0.026004728132387706
chesskingrookvsking,White King rank,41,23,209,3,1,3,-1,0.04347826086956523,0.04347826086956521,18.5,18.5625,21,834,0.025179856115107913
chesskingrookvsking,White King rank,42,23,196,3,1,2,-1,0.04347826086956521,0.043478260869565216,15.0,15.866666666666667,22,834,0.026378896882494004
chesskingrookvsking,White King rank,43,23,200,3,1,3,-1,0.04347826086956523,0.04347826086956523,17.0,17.2,20,816,0.024509803921568627
chesskingrookvsking,White King rank,44,23,204,3,1,3,-1,0.043478260869565216,0.043478260869565216,16.5,18.0,20,846,0.02364066193853428
chesskingrookvsking,White King rank,45,23,198,3,1,2,-1,0.04347826086956523,0.043478260869565216,17.0,18.6,18,840,0.02142857142857143
chesskingrookvsking,White King rank,46,23,222,2,1,1,-1,0.043478260869565216,0.04347826086956521,18.0,20.0,21,834,0.025179856115107913
chesskingrookvsking,White King rank,47,23,209,3,1,2,-1,0.043478260869565216,0.04347826086956521,17.5,19.4375,21,794,0.02644836272040302
chesskingrookvsking,White King rank,48,23,212,2,1,1,-1,0.04347826086956521,0.04347826086956521,18.0,19.58823529411765,19,802,0.02369077306733167
chesskingrookvsking,White King rank,49,23,187,3,1,3,-1,0.04347826086956523,0.04347826086956521,13.5,15.071428571428571,21,848,0.024764150943396228
chesskingrookvsking,White King rank,50,23,200,3,1,3,-1,0.043478260869565216,0.04347826086956523,18.0,19.0,22,824,0.02669902912621359
chesskingrookvsking,White King rank,51,23,186,3,1,4,-1,0.04347826086956523,0.04347826086956521,15.0,16.6,20,828,0.024154589371980676
chesskingrookvsking,White King rank,52,23,203,2,1,2,-1,0.043478260869565216,0.043478260869565216,17.0,18.58823529411765,21,832,0.025240384615384616
chesskingrookvsking,White King rank,53,23,235,2,1,1,-1,0.043478260869565216,0.04347826086956523,19.0,20.666666666666668,20,836,0.023923444976076555
chesskingrookvsking,White King rank,54,23,187,3,1,2,-1,0.04347826086956521,0.043478260869565216,15.5,17.375,21,872,0.02408256880733945
chesskingrookvsking,White King rank,55,23,198,3,1,2,-1,0.04347826086956521,0.04347826086956523,17.0,17.11764705882353,23,814,0.028255528255528257
chesskingrookvsking,White King rank,56,23,202,3,1,3,-1,0.04347826086956523,0.04347826086956521,15.5,18.214285714285715,21,800,0.02625
chesskingrookvsking,White King rank,57,23,220,2,1,1,-1,0.043478260869565216,0.04347826086956523,18.0,19.53846153846154,20,820,0.024390243902439025
chesskingrookvsking,White King rank,58,23,216,3,1,3,-1,0.04347826086956521,0.04347826086956521,19.0,20.2,21,812,0.02586206896551724
chesskingrookvsking,White King rank,59,23,206,3,1,1,-1,0.043478260869565216,0.043478260869565216,17.5,18.72222222222222,21,828,0.025362318840579712
chesskingrookvsking,White King rank,60,23,189,3,1,2,-1,0.04347826086956523,0.04347826086956521,18.0,18.76923076923077,21,854,0.02459016393442623
chesskingrookvsking,White King rank,61,23,233,2,1,1,-1,0.04347826086956521,0.04347826086956523,20.0,21.933333333333334,20,808,0.024752475247524754
chesskingrookvsking,White King rank,62,23,199,2,1,1,-1,0.043478260869565216,0.04347826086956523,15.0,18.2,24,808,0.0297029702970297
chesskingrookvsking,White King rank,63,23,222,2,1,1,-1,0.04347826086956523,0.04347826086956521,19.0,20.933333333333334,18,790,0.02278481012658228
chesskingrookvsking,White King rank,64,23,201,3,1,3,-1,0.04347826086956523,0.043478260869565216,18.0,19.0,24,838,0.028639618138424822
chesskingrookvsking,White King rank,65,23,208,3,1,2,-1,0.04347826086956521,0.04347826086956523,17.0,17.133333333333333,19,836,0.022727272727272728
chesskingrookvsking,White King rank,66,23,219,2,1,2,-1,0.04347826086956521,0.043478260869565216,18.5,20.714285714285715,20,832,0.02403846153846154
chesskingrookvsking,White King rank,67,23,216,2,1,2,-1,0.04347826086956521,0.04347826086956521,18.0,19.444444444444443,20,840,0.023809523809523808
chesskingrookvsking,White King rank,68,23,192,3,1,2,-1,0.043478260869565216,0.04347826086956521,14.0,16.333333333333332,19,778,0.02442159383033419
chesskingrookvsking,White King rank,69,23,211,2,1,2,-1,0.04347826086956521,0.04347826086956521,16.5,19.0,21,846,0.024822695035460994
chesskingrookvsking,White King rank,70,23,205,3,1,2,-1,0.04347826086956523,0.04347826086956523,16.5,17.9375,20,832,0.02403846153846154
chesskingrookvsking,White King rank,71,23,204,3,1,3,-1,0.04347826086956523,0.043478260869565216,17.5,17.785714285714285,18,828,0.021739130434782608
chesskingrookvsking,White King rank,72,23,222,3,1,2,-1,0.04347826086956521,0.043478260869565216,18.0,19.58823529411765,19,816,0.023284313725490197
chesskingrookvsking,White King rank,73,23,236,2,1,1,-1,0.043478260869565216,0.04347826086956523,19.5,21.285714285714285,18,828,0.021739130434782608
chesskingrookvsking,White King rank,74,23,195,3,1,2,-1,0.04347826086956523,0.043478260869565216,16.0,17.58823529411765,22,850,0.02588235294117647
chesskingrookvsking,White King rank,75,23,178,3,1,3,-1,0.04347826086956521,0.04347826086956523,14.5,16.1875,21,780,0.026923076923076925
chesskingrookvsking,White King rank,76,23,240,2,1,1,-1,0.04347826086956523,0.043478260869565216,20.5,22.125,23,870,0.026436781609195402
chesskingrookvsking,White King rank,77,23,193,3,1,3,-1,0.04347826086956523,0.043478260869565216,15.5,17.3125,20,850,0.023529411764705882
chesskingrookvsking,White King rank,78,23,225,3,1,2,-1,0.04347826086956521,0.04347826086956523,19.5,19.625,21,856,0.02453271028037383
chesskingrookvsking,White King rank,79,23,206,3,1,2,-1,0.043478260869565216,0.04347826086956521,18.0,18.375,21,826,0.025423728813559324
chesskingrookvsking,White King rank,80,23,184,3,1,5,-1,0.04347826086956523,0.04347826086956523,15.0,16.09090909090909,21,834,0.025179856115107913
chesskingrookvsking,White King rank,81,23,210,3,1,3,-1,0.043478260869565216,0.043478260869565216,18.0,18.823529411764707,19,812,0.023399014778325122
chesskingrookvsking,White King rank,82,23,212,3,1,3,-1,0.04347826086956521,0.04347826086956521,16.5,16.5,20,826,0.024213075060532687
chesskingrookvsking,White King rank,83,23,190,3,1,2,-1,0.043478260869565216,0.0434782608695652,16.5,17.857142857142858,19,816,0.023284313725490197
chesskingrookvsking,White King rank,84,23,220,2,1,2,-1,0.04347826086956521,0.04347826086956521,19.0,20.055555555555557,21,850,0.024705882352941175
chesskingrookvsking,White King rank,85,23,217,3,1,1,-1,0.043478260869565216,0.04347826086956523,18.0,19.875,19,844,0.022511848341232227
chesskingrookvsking,White King rank,86,23,183,3,1,2,-1,0.043478260869565216,0.04347826086956523,16.0,17.11764705882353,23,878,0.02619589977220957
chesskingrookvsking,White King rank,87,23,237,2,1,1,-1,0.043478260869565216,0.04347826086956521,19.5,21.071428571428573,21,858,0.024475524475524476
chesskingrookvsking,White King rank,88,23,205,3,1,2,-1,0.04347826086956521,0.04347826086956524,15.5,18.0625,19,850,0.02235294117647059
chesskingrookvsking,White King rank,89,23,211,3,1,2,-1,0.04347826086956521,0.04347826086956521,17.0,18.647058823529413,20,794,0.02518891687657431
chesskingrookvsking,White King rank,90,23,208,2,1,1,-1,0.04347826086956523,0.043478260869565216,16.5,19.5,20,818,0.02444987775061125
chesskingrookvsking,White King rank,91,23,203,2,1,2,-1,0.0434782608695652,0.04347826086956521,15.0,16.8,21,810,0.025925925925925925
chesskingrookvsking,White King rank,92,23,234,3,1,3,-1,0.04347826086956521,0.043478260869565216,19.5,20.125,21,878,0.023917995444191344
chesskingrookvsking,White King rank,93,23,214,3,1,3,-1,0.04347826086956523,0.043478260869565216,19.0,18.941176470588236,22,826,0.026634382566585957
chesskingrookvsking,White King rank,94,23,208,2,1,2,-1,0.043478260869565216,0.04347826086956521,17.5,18.8125,21,846,0.024822695035460994
chesskingrookvsking,White King rank,95,23,199,3,1,2,-1,0.043478260869565216,0.043478260869565216,17.5,18.785714285714285,21,840,0.025
chesskingrookvsking,White King rank,96,23,223,2,1,1,-1,0.04347826086956523,0.043478260869565216,17.5,19.142857142857142,21,842,0.02494061757719715
chesskingrookvsking,White King rank,97,23,202,2,1,2,-1,0.043478260869565216,0.04347826086956521,17.0,18.235294117647058,20,822,0.024330900243309004
chesskingrookvsking,White King rank,98,23,230,2,1,1,-1,0.04347826086956521,0.04347826086956521,19.0,20.352941176470587,20,816,0.024509803921568627
chesskingrookvsking,White King rank,99,23,176,3,1,2,-1,0.04347826086956521,0.04347826086956521,13.5,14.928571428571429,21,850,0.024705882352941175
chesskingrookvsking,White Rook file,0,23,54,5,1,3,-1,0.043478260869565216,0.043478260869565216,6.0,7.0,15,112,0.13392857142857142
chesskingrookvsking,White Rook file,1,22,55,4,1,6,-1,0.04545454545454545,0.04545454545454546,5.0,6.571428571428571,16,126,0.12698412698412698
chesskingrookvsking,White Rook file,2,23,57,5,1,6,-1,0.04347826086956523,0.04347826086956521,6.0,6.25,14,122,0.11475409836065574
chesskingrookvsking,White Rook file,3,23,60,4,1,3,-1,0.04347826086956521,0.04347826086956523,5.0,5.777777777777778,13,126,0.10317460317460317
chesskingrookvsking,White Rook file,4,21,56,3,1,2,-1,0.04761904761904763,0.047619047619047616,6.0,7.222222222222222,13,120,0.10833333333333334
chesskingrookvsking,White Rook file,5,22,60,4,1,4,-1,0.045454545454545456,0.04545454545454546,5.5,7.3,13,132,0.09848484848484848
chesskingrookvsking,White Rook file,6,21,59,4,1,3,-1,0.047619047619047616,0.047619047619047616,6.0,7.142857142857143,14,134,0.1044776119402985
chesskingrookvsking,White Rook file,7,23,65,4,1,5,-1,0.043478260869565216,0.043478260869565216,5.5,6.7,16,144,0.1111111111111111
chesskingrookvsking,White Rook file,8,22,63,4,1,3,-1,0.04545454545454544,0.045454545454545456,6.0,7.111111111111111,14,142,0.09859154929577464
chesskingrookvsking,White Rook file,9,23,63,4,1,1,-1,0.04347826086956521,0.043478260869565195,6.0,6.888888888888889,14,140,0.1
chesskingrookvsking,White Rook file,10,22,56,4,1,1,-1,0.045454545454545456,0.045454545454545456,5.0,5.714285714285714,18,124,0.14516129032258066
chesskingrookvsking,White Rook file,11,22,54,4,1,6,-1,0.045454545454545456,0.04545454545454546,5.5,5.9,12,122,0.09836065573770492
chesskingrookvsking,White Rook file,12,23,67,3,1,2,-1,0.04347826086956523,0.04347826086956523,5.0,6.666666666666667,13,150,0.08666666666666667
chesskingrookvsking,White Rook file,13,23,57,4,1,3,-1,0.04347826086956521,0.04347826086956521,5.5,5.9,16,130,0.12307692307692308
chesskingrookvsking,White Rook file,14,23,55,5,1,6,-1,0.04347826086956521,0.043478260869565216,5.0,5.777777777777778,14,128,0.109375
chesskingrookvsking,White Rook file,15,22,57,4,1,5,-1,0.045454545454545456,0.04545454545454544,7.0,7.555555555555555,14,128,0.109375
chesskingrookvsking,White Rook file,16,23,54,5,1,5,-1,0.04347826086956523,0.04347826086956521,5.5,5.875,13,126,0.10317460317460317
chesskingrookvsking,White Rook file,17,22,58,4,1,3,-1,0.04545454545454545,0.045454545454545456,6.0,6.888888888888889,13,142,0.09154929577464789
chesskingrookvsking,White Rook file,18,21,54,4,1,2,-1,0.047619047619047616,0.047619047619047616,6.0,7.375,13,120,0.10833333333333334
chesskingrookvsking,White Rook file,19,23,60,4,1,2,-1,0.04347826086956521,0.043478260869565216,5.0,6.333333333333333,15,142,0.1056338028169014
chesskingrookvsking,White Rook file,20,22,57,4,1,6,-1,0.04545454545454544,0.04545454545454546,5.5,5.9,14,124,0.11290322580645161
chesskingrookvsking,White Rook file,21,22,63,4,1,1,-1,0.04545454545454546,0.04545454545454544,6.5,6.5,13,140,0.09285714285714286
chesskingrookvsking,White Rook file,22,22,55,4,1,3,-1,0.045454545454545456,0.04545454545454546,5.0,5.0,14,122,0.11475409836065574
chesskingrookvsking,White Rook file,23,23,59,4,1,5,-1,0.043478260869565216,0.04347826086956523,6.0,6.636363636363637,17,126,0.1349206349206349
chesskingrookvsking,White Rook file,24,22,57,4,1,3,-1,0.04545454545454546,0.045454545454545456,5.5,6.4,13,122,0.10655737704918032
chesskingrookvsking,White Rook file,25,22,66,3,1,2,-1,0.045454545454545456,0.045454545454545456,6.5,7.7,15,148,0.10135135135135136
chesskingrookvsking,White Rook file,26,23,61,4,1,2,-1,0.043478260869565216,0.043478260869565216,6.0,7.222222222222222,13,132,0.09848484848484848
chesskingrookvsking,White Rook file,27,22,62,4,1,1,-1,0.04545454545454545,0.04545454545454545,6.5,7.0,15,134,0.11194029850746269
chesskingrookvsking,White Rook file,28,22,65,3,1,2,-1,0.04545454545454545,0.045454545454545456,6.5,7.9,16,150,0.10666666666666667
chesskingrookvsking,White Rook file,29,23,64,4,1,8,-1,0.04347826086956523,0.04347826086956523,6.0,7.0,15,146,0.10273972602739725
chesskingrookvsking,White Rook file,30,22,55,4,1,2,-1,0.045454545454545456,0.04545454545454548,5.0,5.857142857142857,14,120,0.11666666666666667
chesskingrookvsking,White Rook file,31,23,60,4,1,2,-1,0.04347826086956521,0.04347826086956521,5.0,5.857142857142857,15,136,0.11029411764705882
chesskingrookvsking,White Rook file,32,23,58,4,1,2,-1,0.043478260869565216,0.043478260869565216,5.0,6.0,16,128,0.125
chesskingrookvsking,White Rook file,33,23,60,4,1,8,-1,0.04347826086956523,0.043478260869565216,6.0,7.181818181818182,14,134,0.1044776119402985
chesskingrookvsking,White Rook file,34,23,57,4,1,6,-1,0.043478260869565216,0.043478260869565216,5.5,6.5,15,132,0.11363636363636363
chesskingrookvsking,White Rook file,35,22,63,4,1,2,-1,0.045454545454545456,0.045454545454545456,6.0,6.555555555555555,15,132,0.11363636363636363
chesskingrookvsking,White Rook file,36,21,54,4,1,3,-1,0.047619047619047616,0.04761904761904763,5.5,6.4,15,124,0.12096774193548387
chesskingrookvsking,White Rook file,37,23,63,4,1,2,-1,0.04347826086956521,0.043478260869565216,5.5,6.75,17,138,0.12318840579710146
chesskingrookvsking,White Rook file,38,23,62,4,1,3,-1,0.043478260869565216,0.04347826086956521,5.0,6.777777777777778,15,132,0.11363636363636363
chesskingrookvsking,White Rook file,39,22,50,5,1,9,-1,0.04545454545454545,0.045454545454545456,6.0,6.4,16,122,0.13114754098360656
chesskingrookvsking,White Rook file,40,22,66,3,1,1,-1,0.045454545454545456,0.045454545454545456,7.0,8.333333333333334,14,144,0.09722222222222222
chesskingrookvsking,White Rook file,41,19,51,3,1,3,-1,0.05263157894736842,0.05263157894736843,5.5,7.125,12,112,0.10714285714285714
chesskingrookvsking,White Rook file,42,19,51,4,1,1,-1,0.05263157894736842,0.05263157894736843,6.0,6.875,14,112,0.125
chesskingrookvsking,White Rook file,43,22,60,3,1,3,-1,0.045454545454545456,0.045454545454545456,5.0,6.142857142857143,13,124,0.10483870967741936
chesskingrookvsking,White Rook file,44,23,60,4,1,3,-1,0.04347826086956523,0.043478260869565216,5.5,6.625,18,130,0.13846153846153847
chesskingrookvsking,White Rook file,45,21,55,4,1,8,-1,0.04761904761904763,0.04761904761904763,5.5,6.9,13,132,0.09848484848484848
chesskingrookvsking,White Rook file,46,22,59,4,1,7,-1,0.045454545454545456,0.04545454545454545,6.0,7.222222222222222,16,138,0.11594202898550725
chesskingrookvsking,White Rook file,47,22,60,3,1,3,-1,0.04545454545454545,0.045454545454545456,6.5,7.2,14,130,0.1076923076923077
chesskingrookvsking,White Rook file,48,23,53,4,1,6,-1,0.04347826086956521,0.043478260869565216,5.0,5.888888888888889,14,118,0.11864406779661017
chesskingrookvsking,White Rook file,49,23,64,4,1,3,-1,0.04347826086956521,0.04347826086956523,6.0,6.222222222222222,14,134,0.1044776119402985
chesskingrookvsking,White Rook file,50,22,58,4,1,4,-1,0.04545454545454546,0.04545454545454545,6.0,6.444444444444445,14,126,0.1111111111111111
chesskingrookvsking,White Rook file,51,23,67,4,1,2,-1,0.043478260869565216,0.04347826086956521,6.5,7.0,14,144,0.09722222222222222
chesskingrookvsking,White Rook file,52,21,60,3,1,4,-1,0.047619047619047616,0.047619047619047616,6.0,7.0,13,130,0.1
chesskingrookvsking,White Rook file,53,23,61,4,1,3,-1,0.04347826086956521,0.04347826086956523,6.0,6.818181818181818,13,130,0.1
chesskingrookvsking,White Rook file,54,23,57,4,1,5,-1,0.04347826086956521,0.043478260869565216,5.5,5.8,16,126,0.12698412698412698
chesskingrookvsking,White Rook file,55,22,50,4,1,5,-1,0.04545454545454544,0.045454545454545456,5.0,6.0,15,110,0.13636363636363635
chesskingrookvsking,White Rook file,56,23,65,4,1,1,-1,0.04347826086956521,0.0434782608695652,7.0,7.545454545454546,17,146,0.11643835616438356
chesskingrookvsking,White Rook file,57,22,50,4,1,5,-1,0.04545454545454546,0.04545454545454546,5.5,6.3,15,122,0.12295081967213115
chesskingrookvsking,White Rook file,58,23,57,4,1,4,-1,0.043478260869565216,0.043478260869565216,5.5,6.375,17,126,0.1349206349206349
chesskingrookvsking,White Rook file,59,22,57,4,1,3,-1,0.04545454545454545,0.045454545454545456,6.5,7.1,14,136,0.10294117647058823
chesskingrookvsking,White Rook file,60,21,56,5,1,4,-1,0.047619047619047616,0.047619047619047616,5.0,5.666666666666667,14,130,0.1076923076923077
chesskingrookvsking,White Rook file,61,21,61,3,1,1,-1,0.047619047619047616,0.047619047619047616,6.0,6.571428571428571,17,136,0.125
chesskingrookvsking,White Rook file,62,23,60,5,1,4,-1,0.043478260869565216,0.043478260869565216,6.0,6.888888888888889,15,144,0.10416666666666667
chesskingrookvsking,White Rook file,63,23,61,4,1,4,-1,0.04347826086956523,0.04347826086956521,5.5,6.6,14,130,0.1076923076923077
chesskingrookvsking,White Rook file,64,22,55,4,1,4,-1,0.04545454545454545,0.04545454545454544,5.5,6.9,15,134,0.11194029850746269
chesskingrookvsking,White Rook file,65,21,58,3,1,5,-1,0.047619047619047616,0.047619047619047616,6.0,6.818181818181818,13,128,0.1015625
chesskingrookvsking,White Rook file,66,23,58,4,1,3,-1,0.043478260869565216,0.04347826086956521,5.0,5.111111111111111,15,128,0.1171875
chesskingrookvsking,White Rook file,67,22,56,4,1,3,-1,0.04545454545454546,0.045454545454545456,5.5,6.375,16,124,0.12903225806451613
chesskingrookvsking,White Rook file,68,23,59,4,1,4,-1,0.043478260869565216,0.04347826086956521,5.0,6.222222222222222,16,132,0.12121212121212122
chesskingrookvsking,White Rook file,69,21,62,3,1,3,-1,0.047619047619047616,0.047619047619047616,6.5,8.2,16,138,0.11594202898550725
chesskingrookvsking,White Rook file,70,22,66,4,1,1,-1,0.04545454545454545,0.045454545454545456,6.5,6.875,13,148,0.08783783783783784
chesskingrookvsking,White Rook file,71,20,56,4,1,2,-1,0.049999999999999996,0.05,5.5,6.3,15,124,0.12096774193548387
chesskingrookvsking,White Rook file,72,22,57,4,1,1,-1,0.045454545454545456,0.045454545454545456,5.5,6.375,18,134,0.13432835820895522
chesskingrookvsking,White Rook file,73,21,65,3,1,2,-1,0.047619047619047616,0.04761904761904763,6.0,6.636363636363637,14,144,0.09722222222222222
chesskingrookvsking,White Rook file,74,22,54,4,1,5,-1,0.045454545454545456,0.04545454545454546,5.0,6.777777777777778,12,122,0.09836065573770492
chesskingrookvsking,White Rook file,75,22,60,4,1,3,-1,0.045454545454545456,0.04545454545454545,5.5,6.0,14,136,0.10294117647058823
chesskingrookvsking,White Rook file,76,22,53,3,1,3,-1,0.04545454545454545,0.045454545454545456,5.5,7.375,15,120,0.125
chesskingrookvsking,White Rook file,77,23,64,4,1,3,-1,0.0434782608695652,0.04347826086956523,6.0,7.0,15,140,0.10714285714285714
chesskingrookvsking,White Rook file,78,23,58,5,1,4,-1,0.04347826086956521,0.043478260869565216,5.0,5.555555555555555,14,126,0.1111111111111111
chesskingrookvsking,White Rook file,79,21,57,4,1,2,-1,0.047619047619047616,0.047619047619047616,6.0,6.363636363636363,14,130,0.1076923076923077
chesskingrookvsking,White Rook file,80,21,51,4,1,5,-1,0.04761904761904763,0.047619047619047616,6.0,6.333333333333333,14,118,0.11864406779661017
chesskingrookvsking,White Rook file,81,22,58,4,1,5,-1,0.045454545454545456,0.04545454545454545,6.0,6.636363636363637,14,132,0.10606060606060606
chesskingrookvsking,White Rook file,82,23,58,4,1,4,-1,0.04347826086956521,0.04347826086956521,5.0,6.333333333333333,16,130,0.12307692307692308
chesskingrookvsking,White Rook file,83,21,57,4,1,3,-1,0.047619047619047616,0.047619047619047616,6.0,7.222222222222222,14,138,0.10144927536231885
chesskingrookvsking,White Rook file,84,23,61,4,1,7,-1,0.04347826086956521,0.043478260869565216,6.0,6.454545454545454,15,134,0.11194029850746269
chesskingrookvsking,White Rook file,85,21,61,4,1,3,-1,0.04761904761904763,0.047619047619047616,6.0,6.7272727272727275,15,132,0.11363636363636363
chesskingrookvsking,White Rook file,86,19,52,4,1,4,-1,0.05263157894736842,0.05263157894736842,6.0,6.888888888888889,13,118,0.11016949152542373
chesskingrookvsking,White Rook file,87,20,59,4,1,1,-1,0.05,0.05,6.0,6.888888888888889,13,128,0.1015625
chesskingrookvsking,White Rook file,88,22,56,3,1,2,-1,0.045454545454545456,0.045454545454545456,6.0,6.444444444444445,14,132,0.10606060606060606
chesskingrookvsking,White Rook file,89,22,59,3,1,2,-1,0.045454545454545456,0.04545454545454545,5.5,6.7,13,128,0.1015625
chesskingrookvsking,White Rook file,90,22,62,5,1,3,-1,0.045454545454545456,0.04545454545454545,6.0,6.181818181818182,16,140,0.11428571428571428
chesskingrookvsking,White Rook file,91,22,60,4,1,9,-1,0.045454545454545456,0.04545454545454545,5.5,6.3,18,130,0.13846153846153847
chesskingrookvsking,White Rook file,92,22,60,4,1,6,-1,0.04545454545454545,0.045454545454545456,6.0,6.888888888888889,15,140,0.10714285714285714
chesskingrookvsking,White Rook file,93,19,50,3,1,2,-1,0.05263157894736841,0.05263157894736842,5.5,6.375,13,120,0.10833333333333334
chesskingrookvsking,White Rook file,94,23,60,4,1,4,-1,0.043478260869565216,0.043478260869565216,6.0,6.222222222222222,18,134,0.13432835820895522
chesskingrookvsking,White Rook file,95,23,58,4,1,3,-1,0.04347826086956523,0.04347826086956521,6.0,6.666666666666667,14,124,0.11290322580645161
chesskingrookvsking,White Rook file,96,22,60,4,1,4,-1,0.04545454545454544,0.04545454545454544,5.5,6.0,15,126,0.11904761904761904
chesskingrookvsking,White Rook file,97,22,63,4,1,4,-1,0.045454545454545456,0.04545454545454546,6.0,7.2727272727272725,13,138,0.09420289855072464
chesskingrookvsking,White Rook file,98,21,61,4,1,4,-1,0.04761904761904763,0.047619047619047616,6.0,8.0,15,128,0.1171875
chesskingrookvsking,White Rook file,99,21,58,4,1,2,-1,0.0476190476190476,0.04761904761904763,6.0,6.666666666666667,15,130,0.11538461538461539
chesskingrookvsking,White Rook rank,0,23,85,4,1,7,-1,0.04347826086956523,0.043478260869565216,8.0,9.272727272727273,16,222,0.07207207207207207
chesskingrookvsking,White Rook rank,1,23,91,3,1,5,-1,0.04347826086956521,0.04347826086956521,7.5,9.833333333333334,14,216,0.06481481481481481
chesskingrookvsking,White Rook rank,2,23,100,3,1,1,-1,0.04347826086956521,0.043478260869565216,9.0,9.846153846153847,14,226,0.061946902654867256
chesskingrookvsking,White Rook rank,3,23,95,3,1,1,-1,0.0434782608695652,0.043478260869565216,8.0,9.222222222222221,16,238,0.06722689075630252
chesskingrookvsking,White Rook rank,4,22,87,3,1,2,-1,0.04545454545454546,0.04545454545454546,9.0,9.909090909090908,16,230,0.06956521739130435
chesskingrookvsking,White Rook rank,5,23,96,3,1,1,-1,0.04347826086956521,0.04347826086956521,8.0,9.818181818181818,16,222,0.07207207207207207
chesskingrookvsking,White Rook rank,6,22,99,3,1,1,-1,0.045454545454545456,0.045454545454545456,10.0,10.181818181818182,16,218,0.07339449541284404
chesskingrookvsking,White Rook rank,7,23,92,3,1,2,-1,0.043478260869565216,0.043478260869565216,8.0,9.0,18,224,0.08035714285714286
chesskingrookvsking,White Rook rank,8,22,87,3,1,1,-1,0.04545454545454545,0.04545454545454544,8.0,9.615384615384615,15,204,0.07352941176470588
chesskingrookvsking,White Rook rank,9,23,86,3,1,1,-1,0.04347826086956521,0.04347826086956521,8.0,8.666666666666666,16,230,0.06956521739130435
chesskingrookvsking,White Rook rank,10,23,91,3,1,4,-1,0.043478260869565216,0.04347826086956521,7.5,8.916666666666666,17,228,0.07456140350877193
chesskingrookvsking,White Rook rank,11,23,104,4,1,2,-1,0.04347826086956521,0.04347826086956521,8.5,9.5,16,238,0.06722689075630252
chesskingrookvsking,White Rook rank,12,23,100,3,1,1,-1,0.04347826086956521,0.04347826086956521,7.5,10.333333333333334,15,238,0.06302521008403361
chesskingrookvsking,White Rook rank,13,23,88,3,1,4,-1,0.04347826086956521,0.04347826086956523,8.0,8.818181818181818,17,222,0.07657657657657657
chesskingrookvsking,White Rook rank,14,23,82,4,1,6,-1,0.04347826086956521,0.04347826086956523,7.0,8.538461538461538,14,208,0.0673076923076923
chesskingrookvsking,White Rook rank,15,23,85,4,1,2,-1,0.043478260869565216,0.043478260869565216,7.5,9.0,16,220,0.07272727272727272
chesskingrookvsking,White Rook rank,16,23,88,3,1,2,-1,0.04347826086956523,0.04347826086956523,8.0,10.181818181818182,17,220,0.07727272727272727
chesskingrookvsking,White Rook rank,17,23,99,3,1,1,-1,0.04347826086956523,0.043478260869565216,8.0,9.0,14,236,0.059322033898305086
chesskingrookvsking,White Rook rank,18,23,81,4,1,4,-1,0.04347826086956523,0.04347826086956521,7.5,8.357142857142858,16,212,0.07547169811320754
chesskingrookvsking,White Rook rank,19,23,93,3,1,2,-1,0.043478260869565216,0.043478260869565216,8.5,10.5,15,216,0.06944444444444445
chesskingrookvsking,White Rook rank,20,22,95,3,1,3,-1,0.04545454545454546,0.04545454545454545,11.0,11.0,18,230,0.0782608695652174
chesskingrookvsking,White Rook rank,21,23,96,3,1,1,-1,0.04347826086956523,0.04347826086956521,9.0,10.0,15,230,0.06521739130434782
chesskingrookvsking,White Rook rank,22,23,94,4,1,1,-1,0.04347826086956523,0.043478260869565216,8.0,8.727272727272727,16,236,0.06779661016949153
chesskingrookvsking,White Rook rank,23,22,84,3,1,6,-1,0.04545454545454546,0.04545454545454546,8.0,9.545454545454545,15,214,0.07009345794392523
chesskingrookvsking,White Rook rank,24,23,99,3,1,3,-1,0.04347826086956521,0.04347826086956521,9.0,9.307692307692308,16,232,0.06896551724137931
chesskingrookvsking,White Rook rank,25,23,101,3,1,3,-1,0.04347826086956523,0.04347826086956521,9.5,9.857142857142858,17,246,0.06910569105691057
chesskingrookvsking,White Rook rank,26,23,89,4,1,5,-1,0.043478260869565216,0.04347826086956521,8.0,9.272727272727273,15,232,0.06465517241379311
chesskingrookvsking,White Rook rank,27,23,104,3,1,2,-1,0.04347826086956521,0.04347826086956521,8.5,9.416666666666666,15,246,0.06097560975609756
chesskingrookvsking,White Rook rank,28,23,104,3,1,2,-1,0.043478260869565216,0.04347826086956523,9.5,9.571428571428571,14,238,0.058823529411764705
chesskingrookvsking,White Rook rank,29,23,89,3,1,3,-1,0.043478260869565216,0.04347826086956521,8.0,8.833333333333334,17,206,0.0825242718446602
chesskingrookvsking,White Rook rank,30,23,84,4,1,3,-1,0.04347826086956523,0.04347826086956523,7.5,8.583333333333334,17,214,0.0794392523364486
chesskingrookvsking,White Rook rank,31,23,92,3,1,5,-1,0.04347826086956521,0.04347826086956521,9.0,9.538461538461538,18,232,0.07758620689655173
chesskingrookvsking,White Rook rank,32,23,106,3,1,2,-1,0.04347826086956523,0.04347826086956524,9.5,10.0,16,244,0.06557377049180328
chesskingrookvsking,White Rook rank,33,23,96,3,1,6,-1,0.04347826086956521,0.043478260869565216,8.0,10.363636363636363,17,236,0.07203389830508475
chesskingrookvsking,White Rook rank,34,23,108,3,1,2,-1,0.04347826086956521,0.04347826086956521,9.5,11.0,16,254,0.06299212598425197
chesskingrookvsking,White Rook rank,35,23,93,3,1,1,-1,0.043478260869565216,0.04347826086956523,8.5,9.583333333333334,16,216,0.07407407407407407
chesskingrookvsking,White Rook rank,36,23,97,3,1,1,-1,0.04347826086956521,0.043478260869565216,9.0,9.727272727272727,16,228,0.07017543859649122
chesskingrookvsking,White Rook rank,37,21,97,3,1,1,-1,0.04761904761904761,0.047619047619047616,8.5,10.6,15,228,0.06578947368421052
chesskingrookvsking,White Rook rank,38,23,102,3,1,1,-1,0.043478260869565216,0.04347826086956523,8.0,9.272727272727273,14,242,0.05785123966942149
chesskingrookvsking,White Rook rank,39,23,90,4,1,2,-1,0.043478260869565216,0.043478260869565216,7.5,9.25,17,210,0.08095238095238096
chesskingrookvsking,White Rook rank,40,22,89,3,1,2,-1,0.045454545454545456,0.045454545454545456,9.0,9.76923076923077,15,230,0.06521739130434782
chesskingrookvsking,White Rook rank,41,23,99,3,1,2,-1,0.04347826086956521,0.04347826086956523,9.0,10.0,16,228,0.07017543859649122
chesskingrookvsking,White Rook rank,42,23,99,3,1,1,-1,0.04347826086956523,0.04347826086956521,9.0,10.153846153846153,15,238,0.06302521008403361
chesskingrookvsking,White Rook rank,43,23,88,3,1,3,-1,0.0434782608695652,0.04347826086956523,8.0,9.307692307692308,16,224,0.07142857142857142
chesskingrookvsking,White Rook rank,44,22,85,3,1,3,-1,0.04545454545454545,0.045454545454545456,8.5,8.5,16,216,0.07407407407407407
chesskingrookvsking,White Rook rank,45,23,92,3,1,2,-1,0.04347826086956521,0.04347826086956521,8.0,9.454545454545455,16,234,0.06837606837606838
chesskingrookvsking,White Rook rank,46,23,100,3,1,4,-1,0.043478260869565216,0.043478260869565216,9.5,9.9375,14,232,0.0603448275862069
chesskingrookvsking,White Rook rank,47,23,94,3,1,3,-1,0.04347826086956521,0.0434782608695652,7.5,8.583333333333334,16,216,0.07407407407407407
chesskingrookvsking,White Rook rank,48,23,96,3,1,2,-1,0.043478260869565216,0.04347826086956521,8.0,8.153846153846153,14,236,0.059322033898305086
chesskingrookvsking,White Rook rank,49,23,90,3,1,1,-1,0.04347826086956523,0.04347826086956521,8.0,9.307692307692308,14,230,0.06086956521739131
chesskingrookvsking,White Rook rank,50,22,90,3,1,2,-1,0.045454545454545456,0.04545454545454546,7.5,9.0,16,230,0.06956521739130435
chesskingrookvsking,White Rook rank,51,23,100,3,1,1,-1,0.043478260869565216,0.043478260869565216,8.5,9.25,16,228,0.07017543859649122
chesskingrookvsking,White Rook rank,52,23,90,4,1,4,-1,0.043478260869565216,0.04347826086956521,8.0,9.0,16,238,0.06722689075630252
chesskingrookvsking,White Rook rank,53,23,94,3,1,2,-1,0.04347826086956524,0.043478260869565216,8.0,9.636363636363637,17,228,0.07456140350877193
chesskingrookvsking,White Rook rank,54,22,92,4,1,4,-1,0.04545454545454546,0.04545454545454544,9.0,9.666666666666666,16,234,0.06837606837606838
chesskingrookvsking,White Rook rank,55,23,93,3,1,2,-1,0.043478260869565216,0.04347826086956523,8.5,9.5,16,230,0.06956521739130435
chesskingrookvsking,White Rook rank,56,23,88,3,1,3,-1,0.043478260869565216,0.043478260869565216,8.5,9.166666666666666,16,210,0.0761904761904762
chesskingrookvsking,White Rook rank,57,23,90,3,1,2,-1,0.04347826086956521,0.043478260869565216,8.0,9.545454545454545,15,226,0.06637168141592921
chesskingrookvsking,White Rook rank,58,23,95,3,1,1,-1,0.043478260869565216,0.04347826086956521,8.0,9.272727272727273,17,216,0.0787037037037037
chesskingrookvsking,White Rook rank,59,23,88,3,1,5,-1,0.043478260869565216,0.043478260869565216,8.0,8.461538461538462,15,214,0.07009345794392523
chesskingrookvsking,White Rook rank,60,23,88,3,1,4,-1,0.043478260869565216,0.043478260869565216,8.0,9.3,18,220,0.08181818181818182
chesskingrookvsking,White Rook rank,61,23,92,3,1,2,-1,0.04347826086956521,0.043478260869565216,8.0,9.545454545454545,15,228,0.06578947368421052
chesskingrookvsking,White Rook rank,62,23,86,3,1,2,-1,0.04347826086956521,0.04347826086956521,8.0,9.545454545454545,15,214,0.07009345794392523
chesskingrookvsking,White Rook rank,63,22,86,3,1,1,-1,0.04545454545454545,0.04545454545454545,8.0,10.0,16,220,0.07272727272727272
chesskingrookvsking,White Rook rank,64,23,95,3,1,4,-1,0.043478260869565216,0.04347826086956523,7.0,8.615384615384615,16,248,0.06451612903225806
chesskingrookvsking,White Rook rank,65,23,93,3,1,5,-1,0.0434782608695652,0.043478260869565216,9.0,9.833333333333334,14,236,0.059322033898305086
chesskingrookvsking,White Rook rank,66,23,93,3,1,2,-1,0.04347826086956521,0.043478260869565216,7.5,9.666666666666666,16,238,0.06722689075630252
chesskingrookvsking,White Rook rank,67,23,93,4,1,5,-1,0.04347826086956521,0.04347826086956523,7.5,8.928571428571429,15,224,0.06696428571428571
chesskingrookvsking,White Rook rank,68,23,97,3,1,4,-1,0.043478260869565216,0.04347826086956521,8.0,9.909090909090908,16,224,0.07142857142857142
chesskingrookvsking,White Rook rank,69,23,102,3,1,3,-1,0.043478260869565216,0.043478260869565216,9.0,10.25,16,244,0.06557377049180328
chesskingrookvsking,White Rook rank,70,23,92,3,1,2,-1,0.04347826086956521,0.04347826086956523,9.0,9.916666666666666,16,222,0.07207207207207207
chesskingrookvsking,White Rook rank,71,23,87,3,1,2,-1,0.04347826086956521,0.043478260869565216,9.0,9.7,18,208,0.08653846153846154
chesskingrookvsking,White Rook rank,72,22,94,3,1,2,-1,0.045454545454545456,0.04545454545454545,8.5,9.571428571428571,17,226,0.0752212389380531
chesskingrookvsking,White Rook rank,73,22,98,3,1,2,-1,0.045454545454545456,0.04545454545454546,9.0,9.846153846153847,15,234,0.0641025641025641
chesskingrookvsking,White Rook rank,74,23,90,3,1,3,-1,0.04347826086956523,0.04347826086956521,9.0,9.636363636363637,14,218,0.06422018348623854
chesskingrookvsking,White Rook rank,75,23,97,3,1,2,-1,0.043478260869565216,0.043478260869565216,7.5,9.25,15,232,0.06465517241379311
chesskingrookvsking,White Rook rank,76,23,92,3,1,1,-1,0.043478260869565216,0.043478260869565216,8.0,9.538461538461538,17,232,0.07327586206896551
chesskingrookvsking,White Rook rank,77,23,97,3,1,3,-1,0.043478260869565216,0.043478260869565216,9.5,10.0,15,234,0.0641025641025641
chesskingrookvsking,White Rook rank,78,23,93,3,1,3,-1,0.04347826086956523,0.04347826086956521,8.0,8.833333333333334,18,238,0.07563025210084033
chesskingrookvsking,White Rook rank,79,22,88,3,1,3,-1,0.04545454545454548,0.04545454545454544,8.0,9.307692307692308,14,232,0.0603448275862069
chesskingrookvsking,White Rook rank,80,23,90,3,1,4,-1,0.04347826086956521,0.04347826086956523,8.5,9.0,17,228,0.07456140350877193
chesskingrookvsking,White Rook rank,81,23,87,3,1,3,-1,0.04347826086956521,0.04347826086956521,6.5,8.416666666666666,16,214,0.07476635514018691
chesskingrookvsking,White Rook rank,82,23,91,3,1,3,-1,0.043478260869565216,0.043478260869565216,7.5,8.25,16,218,0.07339449541284404
chesskingrookvsking,White Rook rank,83,23,97,3,1,2,-1,0.04347826086956521,0.04347826086956523,8.0,8.76923076923077,14,230,0.06086956521739131
chesskingrookvsking,White Rook rank,84,23,98,3,1,1,-1,0.04347826086956523,0.04347826086956523,9.0,9.692307692307692,14,236,0.059322033898305086
chesskingrookvsking,White Rook rank,85,23,99,3,1,3,-1,0.043478260869565216,0.043478260869565216,8.5,10.071428571428571,16,226,0.07079646017699115
chesskingrookvsking,White Rook rank,86,23,96,3,1,2,-1,0.043478260869565216,0.043478260869565216,8.0,8.866666666666667,17,250,0.068
chesskingrookvsking,White Rook rank,87,23,104,3,1,2,-1,0.04347826086956523,0.043478260869565216,8.5,9.2,17,226,0.0752212389380531
chesskingrookvsking,White Rook rank,88,23,95,4,1,2,-1,0.04347826086956521,0.04347826086956521,8.0,9.153846153846153,14,234,0.05982905982905983
chesskingrookvsking,White Rook rank,89,23,96,4,1,4,-1,0.04347826086956521,0.04347826086956521,8.0,9.76923076923077,16,226,0.07079646017699115
chesskingrookvsking,White Rook rank,90,23,91,4,1,3,-1,0.043478260869565216,0.043478260869565216,8.5,9.5,16,226,0.07079646017699115
chesskingrookvsking,White Rook rank,91,23,86,3,1,5,-1,0.04347826086956523,0.04347826086956521,8.0,9.538461538461538,14,222,0.06306306306306306
chesskingrookvsking,White Rook rank,92,23,100,3,1,3,-1,0.04347826086956523,0.04347826086956521,9.0,10.23076923076923,16,232,0.06896551724137931
chesskingrookvsking,White Rook rank,93,23,95,3,1,4,-1,0.04347826086956523,0.04347826086956524,7.5,9.416666666666666,18,232,0.07758620689655173
chesskingrookvsking,White Rook rank,94,23,83,3,1,3,-1,0.04347826086956521,0.043478260869565216,6.5,8.9,16,206,0.07766990291262135
chesskingrookvsking,White Rook rank,95,23,84,3,1,4,-1,0.043478260869565216,0.043478260869565216,7.5,8.166666666666666,15,218,0.06880733944954129
chesskingrookvsking,White Rook rank,96,23,94,3,1,1,-1,0.04347826086956521,0.04347826086956524,8.5,10.25,17,230,0.07391304347826087
chesskingrookvsking,White Rook rank,97,23,93,3,1,3,-1,0.04347826086956521,0.04347826086956523,8.0,9.538461538461538,16,218,0.07339449541284404
chesskingrookvsking,White Rook rank,98,23,100,3,1,1,-1,0.043478260869565216,0.04347826086956521,9.0,9.846153846153847,15,226,0.06637168141592921
chesskingrookvsking,White Rook rank,99,23,97,3,1,3,-1,0.04347826086956523,0.04347826086956521,9.0,9.636363636363637,16,220,0.07272727272727272
chesskingrookvsking,Black King file,0,23,110,3,1,1,-1,0.04347826086956521,0.043478260869565216,9.5,11.1,17,252,0.06746031746031746
chesskingrookvsking,Black King file,1,23,96,3,1,1,-1,0.043478260869565216,0.0434782608695652,8.0,8.909090909090908,16,236,0.06779661016949153
chesskingrookvsking,Black King file,2,23,104,3,1,3,-1,0.04347826086956523,0.04347826086956521,8.0,9.818181818181818,19,256,0.07421875
chesskingrookvsking,Black King file,3,23,102,3,1,2,-1,0.043478260869565216,0.04347826086956521,9.0,10.2,16,242,0.06611570247933884
chesskingrookvsking,Black King file,4,23,108,3,1,1,-1,0.04347826086956521,0.0434782608695652,9.0,10.181818181818182,16,252,0.06349206349206349
chesskingrookvsking,Black King file,5,23,94,4,1,3,-1,0.04347826086956523,0.043478260869565216,8.0,8.692307692307692,18,236,0.07627118644067797
chesskingrookvsking,Black King file,6,23,90,3,1,2,-1,0.04347826086956523,0.04347826086956521,8.0,8.727272727272727,16,234,0.06837606837606838
chesskingrookvsking,Black King file,7,23,95,3,1,1,-1,0.043478260869565216,0.043478260869565216,8.0,9.454545454545455,15,240,0.0625
chesskingrookvsking,Black King file,8,22,97,3,1,4,-1,0.04545454545454546,0.04545454545454545,9.0,9.384615384615385,16,252,0.06349206349206349
chesskingrookvsking,Black King file,9,23,97,3,1,1,-1,0.04347826086956521,0.04347826086956521,8.5,9.2,16,234,0.06837606837606838
chesskingrookvsking,Black King file,10,23,107,3,1,3,-1,0.04347826086956521,0.04347826086956523,8.5,9.571428571428571,16,258,0.06201550387596899
chesskingrookvsking,Black King file,11,23,86,4,1,2,-1,0.043478260869565216,0.04347826086956523,7.0,9.090909090909092,18,216,0.08333333333333333
chesskingrookvsking,Black King file,12,23,97,3,1,3,-1,0.043478260869565216,0.043478260869565216,8.0,9.846153846153847,17,232,0.07327586206896551
chesskingrookvsking,Black King file,13,23,93,3,1,3,-1,0.04347826086956523,0.04347826086956523,7.5,8.2,18,234,0.07692307692307693
chesskingrookvsking,Black King file,14,23,101,3,1,3,-1,0.043478260869565216,0.043478260869565216,7.5,8.916666666666666,19,240,0.07916666666666666
chesskingrookvsking,Black King file,15,23,100,3,1,2,-1,0.04347826086956521,0.04347826086956523,8.5,8.928571428571429,15,250,0.06
chesskingrookvsking,Black King file,16,23,100,3,1,2,-1,0.04347826086956521,0.04347826086956521,8.0,9.454545454545455,16,244,0.06557377049180328
chesskingrookvsking,Black King file,17,23,105,3,1,1,-1,0.04347826086956521,0.043478260869565216,10.0,11.0,15,234,0.0641025641025641
chesskingrookvsking,Black King file,18,23,96,3,1,1,-1,0.04347826086956521,0.04347826086956523,8.0,9.727272727272727,17,238,0.07142857142857142
chesskingrookvsking,Black King file,19,23,102,3,1,1,-1,0.04347826086956521,0.04347826086956521,8.5,9.75,16,244,0.06557377049180328
chesskingrookvsking,Black King file,20,23,95,4,1,4,-1,0.04347826086956523,0.04347826086956521,8.5,9.666666666666666,15,232,0.06465517241379311
chesskingrookvsking,Black King file,21,23,98,3,1,2,-1,0.0434782608695652,0.043478260869565216,8.0,9.307692307692308,18,234,0.07692307692307693
chesskingrookvsking,Black King file,22,23,92,3,1,4,-1,0.04347826086956523,0.043478260869565216,8.0,9.615384615384615,16,258,0.06201550387596899
chesskingrookvsking,Black King file,23,23,104,3,1,2,-1,0.043478260869565216,0.043478260869565216,9.0,10.133333333333333,18,254,0.07086614173228346
chesskingrookvsking,Black King file,24,23,76,4,1,3,-1,0.043478260869565216,0.043478260869565216,6.0,7.7272727272727275,14,220,0.06363636363636363
chesskingrookvsking,Black King file,25,23,104,3,1,1,-1,0.04347826086956524,0.04347826086956523,9.0,9.76923076923077,15,240,0.0625
chesskingrookvsking,Black King file,26,23,93,3,1,2,-1,0.043478260869565216,0.04347826086956521,8.0,9.153846153846153,15,224,0.06696428571428571
chesskingrookvsking,Black King file,27,23,98,3,1,1,-1,0.04347826086956523,0.04347826086956523,9.0,10.333333333333334,17,240,0.07083333333333333
chesskingrookvsking,Black King file,28,23,105,3,1,2,-1,0.04347826086956521,0.04347826086956521,8.5,10.428571428571429,18,244,0.07377049180327869
chesskingrookvsking,Black King file,29,23,89,3,1,3,-1,0.04347826086956521,0.043478260869565216,8.0,8.615384615384615,15,238,0.06302521008403361
chesskingrookvsking,Black King file,30,23,103,3,1,1,-1,0.043478260869565216,0.04347826086956521,8.5,10.5,14,256,0.0546875
chesskingrookvsking,Black King file,31,23,91,3,1,4,-1,0.043478260869565216,0.04347826086956521,8.5,9.5,18,228,0.07894736842105263
chesskingrookvsking,Black King file,32,23,98,4,1,5,-1,0.04347826086956523,0.04347826086956523,8.0,9.0,20,248,0.08064516129032258
chesskingrookvsking,Black King file,33,23,102,4,1,4,-1,0.043478260869565216,0.043478260869565216,8.5,9.928571428571429,17,266,0.06390977443609022
chesskingrookvsking,Black King file,34,23,91,3,1,2,-1,0.04347826086956523,0.04347826086956523,8.0,9.23076923076923,16,236,0.06779661016949153
chesskingrookvsking,Black King file,35,23,103,3,1,1,-1,0.04347826086956521,0.043478260869565216,9.0,9.692307692307692,19,244,0.0778688524590164
chesskingrookvsking,Black King file,36,23,96,3,1,3,-1,0.043478260869565216,0.043478260869565216,9.5,9.583333333333334,20,224,0.08928571428571429
chesskingrookvsking,Black King file,37,23,94,4,1,4,-1,0.043478260869565216,0.04347826086956523,9.0,8.8,15,244,0.06147540983606557
chesskingrookvsking,Black King file,38,23,93,3,1,2,-1,0.04347826086956521,0.04347826086956524,8.0,8.923076923076923,19,238,0.07983193277310924
chesskingrookvsking,Black King file,39,23,106,3,1,2,-1,0.04347826086956521,0.04347826086956521,9.5,10.25,18,256,0.0703125
chesskingrookvsking,Black King file,40,22,98,3,1,2,-1,0.045454545454545456,0.045454545454545456,10.0,10.846153846153847,17,248,0.06854838709677419
chesskingrookvsking,Black King file,41,23,97,3,1,1,-1,0.04347826086956521,0.043478260869565216,9.5,10.583333333333334,15,244,0.06147540983606557
chesskingrookvsking,Black King file,42,23,103,3,1,2,-1,0.043478260869565216,0.04347826086956521,10.0,11.461538461538462,19,260,0.07307692307692308
chesskingrookvsking,Black King file,43,22,99,3,1,2,-1,0.04545454545454544,0.045454545454545456,9.0,9.5,16,244,0.06557377049180328
chesskingrookvsking,Black King file,44,23,100,3,1,3,-1,0.04347826086956521,0.043478260869565216,9.5,10.166666666666666,18,240,0.075
chesskingrookvsking,Black King file,45,21,102,3,1,1,-1,0.047619047619047616,0.047619047619047616,10.0,11.0,16,238,0.06722689075630252
chesskingrookvsking,Black King file,46,22,101,3,1,2,-1,0.04545454545454546,0.04545454545454545,9.5,10.357142857142858,18,254,0.07086614173228346
chesskingrookvsking,Black King file,47,22,106,3,1,1,-1,0.04545454545454545,0.045454545454545456,8.5,9.5,17,264,0.06439393939393939
chesskingrookvsking,Black King file,48,23,98,4,1,2,-1,0.04347826086956523,0.043478260869565216,8.0,9.153846153846153,16,226,0.07079646017699115
chesskingrookvsking,Black King file,49,23,88,3,1,3,-1,0.04347826086956521,0.04347826086956523,7.0,9.0,17,216,0.0787037037037037
chesskingrookvsking,Black King file,50,23,98,3,1,2,-1,0.04347826086956523,0.04347826086956521,8.5,9.571428571428571,17,250,0.068
chesskingrookvsking,Black King file,51,23,96,3,1,3,-1,0.04347826086956523,0.04347826086956521,9.0,10.153846153846153,17,234,0.07264957264957266
chesskingrookvsking,Black King file,52,23,105,3,1,2,-1,0.04347826086956521,0.043478260869565216,9.0,10.923076923076923,19,246,0.07723577235772358
chesskingrookvsking,Black King file,53,23,95,3,1,3,-1,0.043478260869565216,0.04347826086956521,10.0,10.272727272727273,20,234,0.08547008547008547
chesskingrookvsking,Black King file,54,23,90,3,1,4,-1,0.04347826086956523,0.043478260869565216,7.5,9.166666666666666,16,228,0.07017543859649122
chesskingrookvsking,Black King file,55,23,107,3,1,2,-1,0.043478260869565216,0.043478260869565216,8.5,10.142857142857142,16,260,0.06153846153846154
chesskingrookvsking,Black King file,56,23,100,3,1,2,-1,0.043478260869565216,0.04347826086956521,9.5,10.166666666666666,16,246,0.06504065040650407
chesskingrookvsking,Black King file,57,23,103,3,1,3,-1,0.04347826086956523,0.04347826086956521,8.0,9.846153846153847,15,242,0.06198347107438017
chesskingrookvsking,Black King file,58,23,103,3,1,1,-1,0.0434782608695652,0.043478260869565216,8.0,10.090909090909092,17,244,0.06967213114754098
chesskingrookvsking,Black King file,59,23,85,4,1,5,-1,0.043478260869565216,0.043478260869565216,7.0,8.692307692307692,17,218,0.0779816513761468
chesskingrookvsking,Black King file,60,22,91,3,1,5,-1,0.045454545454545456,0.04545454545454546,8.5,9.428571428571429,18,236,0.07627118644067797
chesskingrookvsking,Black King file,61,23,96,3,1,2,-1,0.04347826086956521,0.04347826086956523,7.5,9.583333333333334,16,238,0.06722689075630252
chesskingrookvsking,Black King file,62,23,98,3,1,2,-1,0.04347826086956523,0.04347826086956521,9.0,10.363636363636363,16,234,0.06837606837606838
chesskingrookvsking,Black King file,63,23,102,3,1,2,-1,0.04347826086956523,0.04347826086956523,9.0,10.272727272727273,18,244,0.07377049180327869
chesskingrookvsking,Black King file,64,23,102,3,1,2,-1,0.04347826086956523,0.043478260869565216,9.5,9.857142857142858,19,242,0.07851239669421488
chesskingrookvsking,Black King file,65,23,106,3,1,2,-1,0.04347826086956521,0.043478260869565216,9.0,10.461538461538462,18,260,0.06923076923076923
chesskingrookvsking,Black King file,66,23,93,4,1,2,-1,0.043478260869565216,0.043478260869565216,8.0,8.5,17,232,0.07327586206896551
chesskingrookvsking,Black King file,67,23,108,3,1,1,-1,0.04347826086956523,0.043478260869565216,10.0,10.727272727272727,18,254,0.07086614173228346
chesskingrookvsking,Black King file,68,23,98,3,1,2,-1,0.043478260869565216,0.04347826086956523,8.0,9.76923076923077,16,248,0.06451612903225806
chesskingrookvsking,Black King file,69,23,96,3,1,2,-1,0.043478260869565216,0.043478260869565216,8.0,10.0,18,250,0.072
chesskingrookvsking,Black King file,70,23,97,3,1,4,-1,0.04347826086956521,0.043478260869565216,8.5,9.583333333333334,18,230,0.0782608695652174
chesskingrookvsking,Black King file,71,23,97,3,1,2,-1,0.043478260869565216,0.04347826086956521,9.0,10.555555555555555,17,230,0.07391304347826087
chesskingrookvsking,Black King file,72,23,85,4,1,3,-1,0.04347826086956523,0.04347826086956523,7.0,8.0,16,226,0.07079646017699115
chesskingrookvsking,Black King file,73,23,105,3,1,1,-1,0.043478260869565216,0.043478260869565216,9.0,9.181818181818182,19,256,0.07421875
chesskingrookvsking,Black King file,74,23,107,3,1,2,-1,0.04347826086956521,0.04347826086956523,9.0,10.846153846153847,17,240,0.07083333333333333
chesskingrookvsking,Black King file,75,23,99,3,1,2,-1,0.04347826086956523,0.04347826086956521,8.0,10.636363636363637,17,236,0.07203389830508475
chesskingrookvsking,Black King file,76,22,90,3,1,2,-1,0.045454545454545456,0.045454545454545456,7.0,7.909090909090909,16,232,0.06896551724137931
chesskingrookvsking,Black King file,77,23,103,4,1,2,-1,0.043478260869565216,0.043478260869565216,8.5,9.0,20,264,0.07575757575757576
chesskingrookvsking,Black King file,78,23,89,3,1,3,-1,0.04347826086956521,0.043478260869565195,7.0,8.545454545454545,17,220,0.07727272727272727
chesskingrookvsking,Black King file,79,23,99,3,1,1,-1,0.043478260869565216,0.043478260869565216,9.0,10.23076923076923,16,234,0.06837606837606838
chesskingrookvsking,Black King file,80,23,108,3,1,2,-1,0.04347826086956521,0.043478260869565216,9.5,10.25,17,260,0.06538461538461539
chesskingrookvsking,Black King file,81,23,99,3,1,3,-1,0.04347826086956521,0.04347826086956521,9.0,9.923076923076923,18,232,0.07758620689655173
chesskingrookvsking,Black King file,82,23,107,3,1,2,-1,0.043478260869565216,0.04347826086956521,9.5,10.642857142857142,15,272,0.05514705882352941
chesskingrookvsking,Black King file,83,23,97,3,1,2,-1,0.04347826086956521,0.04347826086956523,8.5,10.0,17,230,0.07391304347826087
chesskingrookvsking,Black King file,84,23,111,2,1,1,-1,0.04347826086956523,0.04347826086956523,10.0,11.0,17,252,0.06746031746031746
chesskingrookvsking,Black King file,85,23,92,3,1,4,-1,0.04347826086956523,0.04347826086956523,8.0,8.923076923076923,18,236,0.07627118644067797
chesskingrookvsking,Black King file,86,22,108,4,1,2,-1,0.04545454545454545,0.045454545454545456,9.5,9.75,16,254,0.06299212598425197
chesskingrookvsking,Black King file,87,23,94,3,1,3,-1,0.04347826086956521,0.04347826086956521,8.5,9.666666666666666,19,238,0.07983193277310924
chesskingrookvsking,Black King file,88,23,102,3,1,2,-1,0.04347826086956521,0.04347826086956521,7.0,9.272727272727273,15,242,0.06198347107438017
chesskingrookvsking,Black King file,89,23,97,3,1,2,-1,0.043478260869565216,0.043478260869565216,8.0,8.76923076923077,16,240,0.06666666666666667
chesskingrookvsking,Black King file,90,23,93,3,1,2,-1,0.04347826086956521,0.0434782608695652,9.0,9.76923076923077,16,224,0.07142857142857142
chesskingrookvsking,Black King file,91,23,106,4,1,4,-1,0.04347826086956523,0.04347826086956523,9.5,10.571428571428571,16,250,0.064
chesskingrookvsking,Black King file,92,23,109,4,1,3,-1,0.043478260869565216,0.043478260869565216,10.0,10.363636363636363,16,244,0.06557377049180328
chesskingrookvsking,Black King file,93,23,92,3,1,3,-1,0.043478260869565216,0.043478260869565216,7.0,9.545454545454545,17,222,0.07657657657657657
chesskingrookvsking,Black King file,94,23,102,3,1,1,-1,0.04347826086956521,0.04347826086956523,9.0,9.76923076923077,17,236,0.07203389830508475
chesskingrookvsking,Black King file,95,23,93,3,1,2,-1,0.043478260869565195,0.0434782608695652,6.5,8.8,15,220,0.06818181818181818
chesskingrookvsking,Black King file,96,23,99,3,1,1,-1,0.04347826086956521,0.043478260869565216,10.0,10.636363636363637,17,242,0.07024793388429752
chesskingrookvsking,Black King file,97,23,100,3,1,2,-1,0.0434782608695652,0.04347826086956521,8.5,9.357142857142858,17,246,0.06910569105691057
chesskingrookvsking,Black King file,98,23,111,3,1,3,-1,0.043478260869565216,0.043478260869565216,10.0,10.266666666666667,17,262,0.0648854961832061
chesskingrookvsking,Black King file,99,23,102,3,1,1,-1,0.04347826086956521,0.0434782608695652,8.0,10.818181818181818,17,252,0.06746031746031746
chesskingrookvsking,Black King rank,0,22,55,4,1,3,-1,0.04545454545454545,0.045454545454545456,5.0,5.777777777777778,15,128,0.1171875
chesskingrookvsking,Black King rank,1,20,54,4,1,2,-1,0.05,0.05,6.0,7.111111111111111,14,114,0.12280701754385964
chesskingrookvsking,Black King rank,2,22,47,4,1,8,-1,0.045454545454545456,0.045454545454545456,4.5,5.375,13,110,0.11818181818181818
chesskingrookvsking,Black King rank,3,22,58,5,1,6,-1,0.045454545454545456,0.045454545454545456,5.5,5.9,16,126,0.12698412698412698
chesskingrookvsking,Black King rank,4,21,55,5,1,8,-1,0.047619047619047616,0.047619047619047616,5.5,6.4,15,122,0.12295081967213115
chesskingrookvsking,Black King rank,5,20,53,3,1,3,-1,0.05,0.05000000000000001,6.0,6.333333333333333,15,122,0.12295081967213115
chesskingrookvsking,Black King rank,6,23,60,4,1,1,-1,0.04347826086956521,0.04347826086956523,6.0,7.333333333333333,14,140,0.1
chesskingrookvsking,Black King rank,7,22,54,4,1,3,-1,0.045454545454545456,0.04545454545454546,5.0,5.888888888888889,13,124,0.10483870967741936
chesskingrookvsking,Black King rank,8,21,55,4,1,2,-1,0.047619047619047616,0.047619047619047616,6.0,6.777777777777778,15,128,0.1171875
chesskingrookvsking,Black King rank,9,22,58,4,1,1,-1,0.045454545454545456,0.04545454545454544,7.5,7.25,14,130,0.1076923076923077
chesskingrookvsking,Black King rank,10,22,58,4,1,2,-1,0.045454545454545456,0.04545454545454546,5.5,6.25,14,128,0.109375
chesskingrookvsking,Black King rank,11,22,61,4,1,1,-1,0.045454545454545456,0.045454545454545456,5.5,6.125,15,136,0.11029411764705882
chesskingrookvsking,Black King rank,12,23,60,4,1,7,-1,0.04347826086956523,0.04347826086956523,6.0,7.222222222222222,15,124,0.12096774193548387
chesskingrookvsking,Black King rank,13,23,56,4,1,3,-1,0.04347826086956521,0.043478260869565216,5.0,5.333333333333333,15,130,0.11538461538461539
chesskingrookvsking,Black King rank,14,21,64,3,1,2,-1,0.047619047619047616,0.04761904761904763,6.0,6.818181818181818,14,134,0.1044776119402985
chesskingrookvsking,Black King rank,15,22,56,4,1,1,-1,0.045454545454545456,0.04545454545454545,6.0,6.555555555555555,17,124,0.13709677419354838
chesskingrookvsking,Black King rank,16,23,56,3,1,3,-1,0.043478260869565216,0.04347826086956521,6.0,6.333333333333333,14,122,0.11475409836065574
chesskingrookvsking,Black King rank,17,22,59,3,1,2,-1,0.04545454545454545,0.04545454545454545,6.0,6.818181818181818,15,124,0.12096774193548387
chesskingrookvsking,Black King rank,18,21,52,4,1,2,-1,0.047619047619047616,0.047619047619047616,5.5,5.875,15,122,0.12295081967213115
chesskingrookvsking,Black King rank,19,23,58,4,1,4,-1,0.043478260869565216,0.04347826086956523,7.0,7.111111111111111,13,128,0.1015625
chesskingrookvsking,Black King rank,20,22,56,4,1,4,-1,0.04545454545454546,0.04545454545454545,5.0,5.333333333333333,14,128,0.109375
chesskingrookvsking,Black King rank,21,23,57,4,1,6,-1,0.04347826086956521,0.043478260869565216,5.0,5.777777777777778,14,134,0.1044776119402985
chesskingrookvsking,Black King rank,22,21,51,4,1,5,-1,0.047619047619047616,0.047619047619047616,5.5,7.0,13,118,0.11016949152542373
chesskingrookvsking,Black King rank,23,21,61,4,1,4,-1,0.047619047619047616,0.047619047619047616,6.0,6.222222222222222,18,138,0.13043478260869565
chesskingrookvsking,Black King rank,24,22,63,4,1,1,-1,0.04545454545454546,0.04545454545454544,6.0,7.222222222222222,14,138,0.10144927536231885
chesskingrookvsking,Black King rank,25,22,63,4,1,1,-1,0.045454545454545456,0.045454545454545456,6.5,8.25,16,140,0.11428571428571428
chesskingrookvsking,Black King rank,26,21,56,4,1,3,-1,0.047619047619047616,0.047619047619047616,6.5,7.1,15,126,0.11904761904761904
chesskingrookvsking,Black King rank,27,21,57,4,1,4,-1,0.047619047619047616,0.047619047619047616,6.0,7.111111111111111,15,126,0.11904761904761904
chesskingrookvsking,Black King rank,28,21,48,4,1,3,-1,0.047619047619047616,0.047619047619047616,5.0,5.777777777777778,15,112,0.13392857142857142
chesskingrookvsking,Black King rank,29,21,56,3,1,1,-1,0.047619047619047616,0.047619047619047616,6.0,6.222222222222222,13,128,0.1015625
chesskingrookvsking,Black King rank,30,21,51,4,1,3,-1,0.047619047619047616,0.04761904761904763,6.0,6.0,14,116,0.1206896551724138
chesskingrookvsking,Black King rank,31,22,64,4,1,2,-1,0.04545454545454546,0.04545454545454545,5.5,6.25,16,144,0.1111111111111111
chesskingrookvsking,Black King rank,32,22,54,4,1,3,-1,0.04545454545454544,0.04545454545454544,5.5,5.7,15,116,0.12931034482758622
chesskingrookvsking,Black King rank,33,22,58,3,1,4,-1,0.04545454545454546,0.045454545454545456,6.0,7.444444444444445,15,134,0.11194029850746269
chesskingrookvsking,Black King rank,34,23,64,4,1,2,-1,0.043478260869565216,0.04347826086956523,5.0,5.888888888888889,14,134,0.1044776119402985
chesskingrookvsking,Black King rank,35,22,61,4,1,2,-1,0.045454545454545456,0.04545454545454546,5.5,5.8,15,130,0.11538461538461539
chesskingrookvsking,Black King rank,36,23,58,4,1,3,-1,0.043478260869565216,0.04347826086956521,5.5,6.0,14,126,0.1111111111111111
chesskingrookvsking,Black King rank,37,21,57,5,1,2,-1,0.047619047619047616,0.047619047619047616,6.0,7.111111111111111,14,128,0.109375
chesskingrookvsking,Black King rank,38,22,56,4,1,6,-1,0.04545454545454546,0.045454545454545456,5.0,5.777777777777778,13,124,0.10483870967741936
chesskingrookvsking,Black King rank,39,22,63,4,1,2,-1,0.045454545454545456,0.045454545454545456,5.5,5.7,14,130,0.1076923076923077
chesskingrookvsking,Black King rank,40,23,59,4,1,4,-1,0.043478260869565216,0.04347826086956523,7.0,7.333333333333333,16,132,0.12121212121212122
chesskingrookvsking,Black King rank,41,22,62,3,1,3,-1,0.045454545454545456,0.04545454545454545,6.5,7.8,15,134,0.11194029850746269
chesskingrookvsking,Black King rank,42,19,53,3,1,1,-1,0.05263157894736842,0.05263157894736842,6.0,7.0,16,134,0.11940298507462686
chesskingrookvsking,Black King rank,43,21,59,4,1,2,-1,0.04761904761904763,0.047619047619047616,6.0,6.0,14,128,0.109375
chesskingrookvsking,Black King rank,44,23,61,4,1,4,-1,0.04347826086956521,0.043478260869565216,6.0,6.545454545454546,15,132,0.11363636363636363
chesskingrookvsking,Black King rank,45,21,51,3,1,3,-1,0.04761904761904761,0.047619047619047616,4.5,6.5,15,116,0.12931034482758622
chesskingrookvsking,Black King rank,46,23,55,4,1,4,-1,0.04347826086956523,0.04347826086956521,5.0,6.0,15,128,0.1171875
chesskingrookvsking,Black King rank,47,23,60,5,1,4,-1,0.043478260869565216,0.043478260869565216,6.0,6.111111111111111,15,122,0.12295081967213115
chesskingrookvsking,Black King rank,48,21,59,4,1,5,-1,0.047619047619047616,0.047619047619047616,6.0,6.818181818181818,14,130,0.1076923076923077
chesskingrookvsking,Black King rank,49,23,57,4,1,3,-1,0.04347826086956523,0.04347826086956521,6.0,6.222222222222222,14,120,0.11666666666666667
chesskingrookvsking,Black King rank,50,23,54,4,1,7,-1,0.04347826086956521,0.043478260869565216,6.0,6.333333333333333,12,122,0.09836065573770492
chesskingrookvsking,Black King rank,51,22,57,4,1,3,-1,0.04545454545454546,0.045454545454545456,7.0,7.666666666666667,15,128,0.1171875
chesskingrookvsking,Black King rank,52,22,54,5,1,6,-1,0.04545454545454544,0.04545454545454545,5.5,6.6,12,124,0.0967741935483871
chesskingrookvsking,Black King rank,53,22,58,4,1,5,-1,0.045454545454545456,0.045454545454545456,6.0,5.777777777777778,13,136,0.09558823529411764
chesskingrookvsking,Black King rank,54,21,57,3,1,4,-1,0.04761904761904761,0.047619047619047616,6.0,7.454545454545454,13,126,0.10317460317460317
chesskingrookvsking,Black King rank,55,22,56,4,1,3,-1,0.045454545454545456,0.04545454545454545,5.0,6.428571428571429,16,126,0.12698412698412698
chesskingrookvsking,Black King rank,56,22,62,4,1,6,-1,0.04545454545454546,0.045454545454545456,5.0,6.333333333333333,18,128,0.140625
chesskingrookvsking,Black King rank,57,22,57,4,1,1,-1,0.04545454545454546,0.04545454545454544,5.5,6.5,14,130,0.1076923076923077
chesskingrookvsking,Black King rank,58,22,59,4,1,3,-1,0.045454545454545456,0.04545454545454546,6.0,6.333333333333333,15,128,0.1171875
chesskingrookvsking,Black King rank,59,23,51,4,1,5,-1,0.043478260869565216,0.043478260869565216,4.5,5.0,14,118,0.11864406779661017
chesskingrookvsking,Black King rank,60,23,55,4,1,1,-1,0.04347826086956523,0.04347826086956521,6.0,6.333333333333333,14,120,0.11666666666666667
chesskingrookvsking,Black King rank,61,22,59,4,1,3,-1,0.045454545454545456,0.045454545454545456,5.5,5.7,14,130,0.1076923076923077
chesskingrookvsking,Black King rank,62,21,57,4,1,1,-1,0.047619047619047616,0.047619047619047616,6.0,6.555555555555555,13,130,0.1
chesskingrookvsking,Black King rank,63,22,59,4,1,1,-1,0.045454545454545456,0.04545454545454544,6.0,6.333333333333333,14,130,0.1076923076923077
chesskingrookvsking,Black King rank,64,22,56,4,1,5,-1,0.045454545454545456,0.04545454545454545,5.5,6.2,17,124,0.13709677419354838
chesskingrookvsking,Black King rank,65,21,56,3,1,2,-1,0.047619047619047616,0.04761904761904763,5.5,5.625,16,128,0.125
chesskingrookvsking,Black King rank,66,23,59,4,1,2,-1,0.043478260869565216,0.04347826086956523,5.5,5.75,14,124,0.11290322580645161
chesskingrookvsking,Black King rank,67,23,56,5,1,5,-1,0.04347826086956523,0.04347826086956521,6.0,6.2727272727272725,14,126,0.1111111111111111
chesskingrookvsking,Black King rank,68,21,50,4,1,2,-1,0.04761904761904763,0.047619047619047616,5.5,6.333333333333333,16,128,0.125
chesskingrookvsking,Black King rank,69,23,65,4,1,5,-1,0.043478260869565216,0.04347826086956521,7.0,6.888888888888889,15,140,0.10714285714285714
chesskingrookvsking,Black King rank,70,23,60,4,1,2,-1,0.043478260869565216,0.04347826086956523,5.0,5.285714285714286,15,132,0.11363636363636363
chesskingrookvsking,Black King rank,71,22,61,4,1,3,-1,0.045454545454545456,0.04545454545454546,6.0,6.888888888888889,17,138,0.12318840579710146
chesskingrookvsking,Black King rank,72,23,63,4,1,2,-1,0.043478260869565216,0.043478260869565216,6.5,7.3,14,148,0.0945945945945946
chesskingrookvsking,Black King rank,73,22,57,4,1,3,-1,0.045454545454545456,0.04545454545454545,6.0,6.555555555555555,13,120,0.10833333333333334
chesskingrookvsking,Black King rank,74,22,64,3,1,2,-1,0.04545454545454544,0.04545454545454544,6.5,6.7,15,138,0.10869565217391304
chesskingrookvsking,Black King rank,75,21,58,3,1,2,-1,0.047619047619047616,0.047619047619047616,6.0,6.333333333333333,15,124,0.12096774193548387
chesskingrookvsking,Black King rank,76,20,55,3,1,2,-1,0.05000000000000001,0.05000000000000001,7.0,7.444444444444445,16,124,0.12903225806451613
chesskingrookvsking,Black King rank,77,23,56,4,1,4,-1,0.04347826086956523,0.04347826086956521,5.5,6.4,14,126,0.1111111111111111
chesskingrookvsking,Black King rank,78,22,56,4,1,5,-1,0.045454545454545456,0.04545454545454545,6.0,6.7272727272727275,13,128,0.1015625
chesskingrookvsking,Black King rank,79,21,58,3,1,2,-1,0.047619047619047616,0.047619047619047616,5.5,7.25,13,128,0.1015625
chesskingrookvsking,Black King rank,80,22,60,4,1,1,-1,0.04545454545454544,0.045454545454545456,5.5,6.375,14,136,0.10294117647058823
chesskingrookvsking,Black King rank,81,23,55,5,1,5,-1,0.043478260869565216,0.04347826086956521,5.5,6.4,15,130,0.11538461538461539
chesskingrookvsking,Black King rank,82,21,56,4,1,4,-1,0.04761904761904763,0.047619047619047616,5.5,6.125,15,128,0.1171875
chesskingrookvsking,Black King rank,83,22,62,4,1,3,-1,0.045454545454545456,0.045454545454545456,6.0,6.818181818181818,13,126,0.10317460317460317
chesskingrookvsking,Black King rank,84,23,61,4,1,2,-1,0.043478260869565216,0.04347826086956521,6.0,7.555555555555555,14,138,0.10144927536231885
chesskingrookvsking,Black King rank,85,21,60,4,1,3,-1,0.047619047619047616,0.047619047619047616,6.5,7.7,15,134,0.11194029850746269
chesskingrookvsking,Black King rank,86,23,62,4,1,2,-1,0.043478260869565216,0.04347826086956523,6.0,7.0,15,134,0.11194029850746269
chesskingrookvsking,Black King rank,87,23,59,4,1,5,-1,0.043478260869565216,0.04347826086956521,5.5,5.75,15,128,0.1171875
chesskingrookvsking,Black King rank,88,22,54,4,1,11,-1,0.04545454545454545,0.045454545454545456,5.5,5.8,15,114,0.13157894736842105
chesskingrookvsking,Black King rank,89,20,58,4,1,3,-1,0.049999999999999996,0.05,5.0,6.0,13,134,0.09701492537313433
chesskingrookvsking,Black King rank,90,21,66,3,1,3,-1,0.04761904761904763,0.04761904761904763,6.0,6.363636363636363,16,148,0.10810810810810811
chesskingrookvsking,Black King rank,91,23,59,4,1,6,-1,0.04347826086956521,0.043478260869565216,6.0,6.818181818181818,15,130,0.11538461538461539
chesskingrookvsking,Black King rank,92,22,54,4,1,3,-1,0.045454545454545456,0.045454545454545456,4.5,6.5,15,124,0.12096774193548387
chesskingrookvsking,Black King rank,93,23,56,4,1,3,-1,0.043478260869565216,0.043478260869565216,6.0,6.777777777777778,14,120,0.11666666666666667
chesskingrookvsking,Black King rank,94,22,58,4,1,1,-1,0.04545454545454546,0.04545454545454544,5.5,6.125,14,132,0.10606060606060606
chesskingrookvsking,Black King rank,95,22,56,4,1,3,-1,0.045454545454545456,0.04545454545454545,6.0,6.333333333333333,17,118,0.1440677966101695
chesskingrookvsking,Black King rank,96,23,61,4,1,3,-1,0.04347826086956521,0.043478260869565216,5.5,5.9,14,134,0.1044776119402985
chesskingrookvsking,Black King rank,97,23,55,4,1,5,-1,0.043478260869565216,0.043478260869565216,5.5,6.1,15,128,0.1171875
chesskingrookvsking,Black King rank,98,23,61,4,1,3,-1,0.043478260869565216,0.043478260869565216,6.5,6.5,15,128,0.1171875
chesskingrookvsking,Black King rank,99,23,55,4,1,5,-1,0.04347826086956521,0.04347826086956521,5.5,6.9,15,126,0.11904761904761904
chesskingrookvsking,Vanilla,0,23,236,2,1,1,-1,0.043478260869565216,0.04347826086956521,21.0,21.764705882352942,19,800,0.02375
chesskingrookvsking,Vanilla,1,23,208,3,1,2,-1,0.04347826086956521,0.043478260869565216,18.0,18.8,20,792,0.025252525252525252
chesskingrookvsking,Vanilla,2,22,188,3,1,4,-1,0.04545454545454545,0.045454545454545435,17.0,18.133333333333333,21,776,0.027061855670103094
chesskingrookvsking,Vanilla,3,23,202,3,1,2,-1,0.043478260869565216,0.04347826086956524,17.0,18.733333333333334,21,744,0.028225806451612902
chesskingrookvsking,Vanilla,4,23,173,3,1,2,-1,0.043478260869565216,0.04347826086956524,14.0,15.866666666666667,20,786,0.02544529262086514
chesskingrookvsking,Vanilla,5,23,218,2,1,1,-1,0.04347826086956523,0.04347826086956521,18.5,21.071428571428573,20,766,0.02610966057441253
chesskingrookvsking,Vanilla,6,23,210,2,1,1,-1,0.043478260869565216,0.043478260869565216,17.5,19.0,21,762,0.027559055118110236
chesskingrookvsking,Vanilla,7,23,210,2,1,1,-1,0.04347826086956521,0.04347826086956524,16.0,18.46153846153846,20,736,0.02717391304347826
chesskingrookvsking,Vanilla,8,23,204,3,1,2,-1,0.04347826086956521,0.043478260869565216,17.5,18.785714285714285,18,790,0.02278481012658228
chesskingrookvsking,Vanilla,9,23,182,3,1,2,-1,0.04347826086956521,0.04347826086956523,15.5,16.5625,19,804,0.0236318407960199
chesskingrookvsking,Vanilla,10,23,209,3,1,3,-1,0.043478260869565216,0.04347826086956521,17.5,17.928571428571427,18,768,0.0234375
chesskingrookvsking,Vanilla,11,23,210,3,1,1,-1,0.04347826086956521,0.043478260869565216,18.0,20.153846153846153,19,832,0.02283653846153846
chesskingrookvsking,Vanilla,12,23,214,3,1,2,-1,0.04347826086956521,0.04347826086956523,17.5,18.857142857142858,19,782,0.024296675191815855
chesskingrookvsking,Vanilla,13,23,203,3,1,3,-1,0.04347826086956521,0.04347826086956521,18.0,18.533333333333335,21,774,0.027131782945736434
chesskingrookvsking,Vanilla,14,23,203,3,1,2,-1,0.04347826086956523,0.04347826086956523,19.0,18.866666666666667,21,796,0.026381909547738693
chesskingrookvsking,Vanilla,15,23,195,3,1,2,-1,0.04347826086956521,0.04347826086956521,17.0,18.333333333333332,19,766,0.024804177545691905
chesskingrookvsking,Vanilla,16,23,230,2,1,1,-1,0.04347826086956521,0.04347826086956521,20.0,22.066666666666666,17,752,0.022606382978723406
chesskingrookvsking,Vanilla,17,23,202,3,1,2,-1,0.043478260869565216,0.043478260869565216,16.5,18.8125,19,832,0.02283653846153846
chesskingrookvsking,Vanilla,18,23,213,3,1,2,-1,0.04347826086956523,0.04347826086956521,19.0,19.066666666666666,22,776,0.028350515463917526
chesskingrookvsking,Vanilla,19,23,184,3,1,3,-1,0.04347826086956524,0.04347826086956523,15.5,17.357142857142858,21,784,0.026785714285714284
chesskingrookvsking,Vanilla,20,23,220,2,1,1,-1,0.043478260869565216,0.04347826086956521,18.5,19.555555555555557,21,790,0.026582278481012658
chesskingrookvsking,Vanilla,21,23,186,3,1,3,-1,0.04347826086956523,0.043478260869565216,15.0,16.235294117647058,19,746,0.02546916890080429
chesskingrookvsking,Vanilla,22,23,186,3,1,2,-1,0.043478260869565216,0.043478260869565216,15.5,16.666666666666668,20,808,0.024752475247524754
chesskingrookvsking,Vanilla,23,23,208,2,1,1,-1,0.0434782608695652,0.043478260869565216,18.0,19.583333333333332,18,770,0.023376623376623377
chesskingrookvsking,Vanilla,24,23,196,2,1,1,-1,0.04347826086956521,0.04347826086956523,16.0,18.6,20,766,0.02610966057441253
chesskingrookvsking,Vanilla,25,23,227,3,1,2,-1,0.043478260869565216,0.04347826086956521,20.0,21.0,21,764,0.0274869109947644
chesskingrookvsking,Vanilla,26,23,217,3,1,3,-1,0.04347826086956521,0.04347826086956521,17.5,18.714285714285715,21,792,0.026515151515151516
chesskingrookvsking,Vanilla,27,23,234,2,1,1,-1,0.0434782608695652,0.04347826086956521,19.5,21.0625,19,740,0.025675675675675677
chesskingrookvsking,Vanilla,28,23,222,2,1,1,-1,0.043478260869565216,0.04347826086956523,17.5,19.5,20,782,0.02557544757033248
chesskingrookvsking,Vanilla,29,23,179,3,1,2,-1,0.04347826086956521,0.04347826086956523,14.0,16.0,20,790,0.02531645569620253
chesskingrookvsking,Vanilla,30,23,216,3,1,2,-1,0.04347826086956523,0.043478260869565216,19.0,18.923076923076923,19,780,0.02435897435897436
chesskingrookvsking,Vanilla,31,23,208,3,1,2,-1,0.04347826086956523,0.04347826086956521,17.0,18.352941176470587,20,806,0.02481389578163772
chesskingrookvsking,Vanilla,32,23,206,3,1,2,-1,0.043478260869565216,0.043478260869565195,18.0,18.571428571428573,18,772,0.023316062176165803
chesskingrookvsking,Vanilla,33,23,245,2,1,1,-1,0.043478260869565216,0.043478260869565216,22.0,22.714285714285715,19,818,0.023227383863080684
chesskingrookvsking,Vanilla,34,23,217,2,1,1,-1,0.043478260869565216,0.04347826086956523,17.5,19.875,20,798,0.02506265664160401
chesskingrookvsking,Vanilla,35,23,221,3,1,3,-1,0.04347826086956521,0.043478260869565216,19.0,18.076923076923077,20,794,0.02518891687657431
chesskingrookvsking,Vanilla,36,23,202,2,1,1,-1,0.043478260869565216,0.04347826086956523,16.5,19.214285714285715,21,794,0.02644836272040302
chesskingrookvsking,Vanilla,37,23,211,2,1,1,-1,0.04347826086956523,0.043478260869565216,18.0,20.727272727272727,18,764,0.02356020942408377
chesskingrookvsking,Vanilla,38,23,192,3,1,3,-1,0.04347826086956521,0.04347826086956523,16.5,18.0,21,770,0.02727272727272727
chesskingrookvsking,Vanilla,39,23,205,3,1,2,-1,0.043478260869565216,0.04347826086956523,17.0,19.066666666666666,19,792,0.023989898989898988
chesskingrookvsking,Vanilla,40,23,200,3,1,3,-1,0.043478260869565195,0.043478260869565216,17.5,18.6875,21,764,0.0274869109947644
chesskingrookvsking,Vanilla,41,23,227,3,1,2,-1,0.043478260869565216,0.04347826086956523,19.0,20.266666666666666,21,800,0.02625
chesskingrookvsking,Vanilla,42,23,215,2,1,1,-1,0.04347826086956523,0.04347826086956521,17.5,18.642857142857142,20,784,0.025510204081632654
chesskingrookvsking,Vanilla,43,23,217,2,1,2,-1,0.04347826086956521,0.043478260869565216,18.5,19.285714285714285,21,756,0.027777777777777776
chesskingrookvsking,Vanilla,44,23,186,3,1,3,-1,0.04347826086956521,0.043478260869565216,15.5,15.571428571428571,21,808,0.02599009900990099
chesskingrookvsking,Vanilla,45,23,225,2,1,1,-1,0.043478260869565216,0.04347826086956521,19.0,21.0,20,770,0.025974025974025976
chesskingrookvsking,Vanilla,46,23,183,2,1,2,-1,0.0434782608695652,0.04347826086956521,16.5,17.625,18,742,0.02425876010781671
chesskingrookvsking,Vanilla,47,23,201,2,1,2,-1,0.043478260869565216,0.043478260869565216,17.5,18.0,20,738,0.02710027100271003
chesskingrookvsking,Vanilla,48,23,217,2,1,1,-1,0.043478260869565216,0.04347826086956521,16.5,16.916666666666668,20,728,0.027472527472527472
chesskingrookvsking,Vanilla,49,23,211,3,1,3,-1,0.043478260869565216,0.043478260869565216,18.5,18.125,19,788,0.024111675126903553
chesskingrookvsking,Vanilla,50,23,235,2,1,1,-1,0.043478260869565216,0.04347826086956523,20.0,20.4,19,782,0.024296675191815855
chesskingrookvsking,Vanilla,51,23,210,3,1,2,-1,0.04347826086956521,0.04347826086956523,18.5,18.375,18,798,0.022556390977443608
chesskingrookvsking,Vanilla,52,23,210,2,1,2,-1,0.043478260869565216,0.04347826086956523,17.5,18.5,21,766,0.02741514360313316
chesskingrookvsking,Vanilla,53,23,200,2,1,2,-1,0.04347826086956524,0.04347826086956521,15.5,17.22222222222222,20,754,0.026525198938992044
chesskingrookvsking,Vanilla,54,23,203,3,1,2,-1,0.043478260869565216,0.04347826086956521,16.0,17.764705882352942,21,816,0.025735294117647058
chesskingrookvsking,Vanilla,55,23,204,2,1,1,-1,0.043478260869565216,0.043478260869565216,17.0,19.384615384615383,19,792,0.023989898989898988
chesskingrookvsking,Vanilla,56,23,209,4,1,3,-1,0.04347826086956521,0.043478260869565216,18.5,18.4375,18,778,0.02313624678663239
chesskingrookvsking,Vanilla,57,23,211,3,1,3,-1,0.043478260869565216,0.04347826086956523,16.0,17.823529411764707,20,800,0.025
chesskingrookvsking,Vanilla,58,23,189,3,1,2,-1,0.04347826086956521,0.04347826086956521,16.0,16.941176470588236,19,770,0.024675324675324677
chesskingrookvsking,Vanilla,59,23,196,3,1,3,-1,0.04347826086956521,0.043478260869565216,15.0,15.666666666666666,20,722,0.027700831024930747
chesskingrookvsking,Vanilla,60,23,211,2,1,1,-1,0.0434782608695652,0.04347826086956521,17.0,17.692307692307693,21,782,0.026854219948849106
chesskingrookvsking,Vanilla,61,23,195,3,1,2,-1,0.04347826086956523,0.04347826086956523,17.5,18.285714285714285,19,778,0.02442159383033419
chesskingrookvsking,Vanilla,62,23,228,3,1,1,-1,0.04347826086956521,0.043478260869565216,19.0,20.25,22,782,0.028132992327365727
chesskingrookvsking,Vanilla,63,23,212,2,1,1,-1,0.04347826086956523,0.043478260869565216,18.0,20.266666666666666,19,776,0.024484536082474227
chesskingrookvsking,Vanilla,64,23,200,3,1,2,-1,0.04347826086956521,0.04347826086956523,16.5,18.6875,22,786,0.027989821882951654
chesskingrookvsking,Vanilla,65,23,210,3,1,1,-1,0.043478260869565216,0.04347826086956523,17.0,18.333333333333332,22,782,0.028132992327365727
chesskingrookvsking,Vanilla,66,23,196,3,1,2,-1,0.043478260869565216,0.043478260869565216,16.0,17.733333333333334,20,800,0.025
chesskingrookvsking,Vanilla,67,23,211,2,1,1,-1,0.04347826086956521,0.043478260869565216,17.5,19.1875,21,782,0.026854219948849106
chesskingrookvsking,Vanilla,68,23,194,3,1,4,-1,0.04347826086956521,0.04347826086956521,18.0,18.615384615384617,20,778,0.02570694087403599
chesskingrookvsking,Vanilla,69,23,189,3,1,3,-1,0.043478260869565216,0.04347826086956521,16.5,17.3125,20,770,0.025974025974025976
chesskingrookvsking,Vanilla,70,23,190,3,1,2,-1,0.04347826086956521,0.04347826086956521,16.0,16.8,23,834,0.027577937649880094
chesskingrookvsking,Vanilla,71,23,224,2,1,2,-1,0.04347826086956521,0.04347826086956523,19.0,20.066666666666666,20,792,0.025252525252525252
chesskingrookvsking,Vanilla,72,23,187,3,1,2,-1,0.043478260869565216,0.04347826086956521,15.0,17.076923076923077,19,788,0.024111675126903553
chesskingrookvsking,Vanilla,73,23,201,3,1,1,-1,0.04347826086956524,0.04347826086956521,16.5,17.75,20,824,0.024271844660194174
chesskingrookvsking,Vanilla,74,23,206,2,1,1,-1,0.04347826086956521,0.04347826086956523,18.0,18.941176470588236,22,762,0.028871391076115485
chesskingrookvsking,Vanilla,75,23,201,3,1,3,-1,0.04347826086956521,0.043478260869565216,17.5,17.75,20,814,0.02457002457002457
chesskingrookvsking,Vanilla,76,23,190,3,1,3,-1,0.04347826086956521,0.04347826086956521,16.0,15.666666666666666,18,774,0.023255813953488372
chesskingrookvsking,Vanilla,77,23,217,2,1,1,-1,0.04347826086956521,0.043478260869565216,18.5,19.714285714285715,22,782,0.028132992327365727
chesskingrookvsking,Vanilla,78,23,208,2,1,1,-1,0.0434782608695652,0.043478260869565216,16.0,19.642857142857142,20,776,0.02577319587628866
chesskingrookvsking,Vanilla,79,23,207,2,1,3,-1,0.043478260869565216,0.043478260869565216,17.0,18.933333333333334,20,814,0.02457002457002457
chesskingrookvsking,Vanilla,80,23,216,2,1,1,-1,0.04347826086956521,0.04347826086956521,18.5,20.571428571428573,21,798,0.02631578947368421
chesskingrookvsking,Vanilla,81,23,205,3,1,3,-1,0.043478260869565216,0.04347826086956521,17.5,18.5,20,770,0.025974025974025976
chesskingrookvsking,Vanilla,82,23,219,2,1,1,-1,0.04347826086956523,0.04347826086956521,17.5,18.0,21,770,0.02727272727272727
chesskingrookvsking,Vanilla,83,23,209,2,1,1,-1,0.04347826086956521,0.04347826086956521,20.0,21.272727272727273,19,774,0.02454780361757106
chesskingrookvsking,Vanilla,84,23,200,3,1,3,-1,0.04347826086956523,0.04347826086956521,17.0,17.764705882352942,22,754,0.029177718832891247
chesskingrookvsking,Vanilla,85,23,222,2,1,1,-1,0.04347826086956521,0.04347826086956521,19.0,20.733333333333334,18,754,0.023872679045092837
chesskingrookvsking,Vanilla,86,23,199,3,1,3,-1,0.043478260869565216,0.04347826086956521,16.5,17.75,23,770,0.02987012987012987
chesskingrookvsking,Vanilla,87,23,199,3,1,3,-1,0.04347826086956521,0.04347826086956521,18.0,18.533333333333335,23,754,0.03050397877984085
chesskingrookvsking,Vanilla,88,23,201,3,1,2,-1,0.04347826086956523,0.043478260869565216,18.0,19.0,20,746,0.02680965147453083
chesskingrookvsking,Vanilla,89,23,221,2,1,2,-1,0.04347826086956521,0.043478260869565216,18.0,19.142857142857142,22,778,0.028277634961439587
chesskingrookvsking,Vanilla,90,23,203,3,1,2,-1,0.04347826086956521,0.04347826086956521,16.5,18.5,19,762,0.024934383202099737
chesskingrookvsking,Vanilla,91,23,203,2,1,2,-1,0.043478260869565216,0.04347826086956521,16.5,18.166666666666668,21,790,0.026582278481012658
chesskingrookvsking,Vanilla,92,23,216,2,1,1,-1,0.04347826086956521,0.04347826086956521,18.0,20.545454545454547,21,740,0.02837837837837838
chesskingrookvsking,Vanilla,93,23,201,2,1,2,-1,0.04347826086956521,0.043478260869565216,18.5,19.125,18,740,0.024324324324324326
chesskingrookvsking,Vanilla,94,23,203,3,1,2,-1,0.04347826086956521,0.04347826086956521,17.5,18.5,20,782,0.02557544757033248
chesskingrookvsking,Vanilla,95,23,210,2,1,2,-1,0.04347826086956521,0.043478260869565216,18.0,17.76923076923077,20,778,0.02570694087403599
chesskingrookvsking,Vanilla,96,23,185,3,1,3,-1,0.04347826086956523,0.04347826086956523,16.0,16.866666666666667,20,724,0.027624309392265192
chesskingrookvsking,Vanilla,97,23,194,3,1,3,-1,0.04347826086956523,0.043478260869565216,16.5,17.75,18,786,0.022900763358778626
chesskingrookvsking,Vanilla,98,23,187,3,1,4,-1,0.04347826086956521,0.04347826086956523,16.5,17.785714285714285,21,782,0.026854219948849106
chesskingrookvsking,Vanilla,99,23,203,2,1,1,-1,0.04347826086956521,0.04347826086956521,16.5,18.285714285714285,18,746,0.024128686327077747
